pH,Temp,Spc Cond,Dis. Oxy
8.1,19.3,296,15
8.2,19.7,294,15.9
8.3,20,293,16.4
8.3,20.4,293,16.9
8.4,20.8,291,17.3
8.5,21.2,290,17.7
8.5,21.6,288,18.2
8.6,22,288,18.3
8.6,22.3,286,18.6
8.7,22.7,284,18.8
8.7,23.1,283,19.1
8.8,23.4,281,19.3
8.8,23.7,281,19.7
8.8,24,279,20.1
8.9,24.2,278,20
8.9,24.5,277,20
8.9,24.8,275,19.9
9,25.2,275,20
9,25.4,274,20.2
9,25.6,273,20
9,26,273,20
9.1,26.2,271,20.1
9.1,26.4,270,19.7
9.1,26.6,270,20.1
9.1,26.7,269,20
9.1,26.7,267,20.1
9.1,26.9,268,20.1
9.1,27,267,19.9
9.1,27.1,267,19.9
9.2,27.1,266,20
9.2,27.1,266,20.1
9.2,27.2,265,19.7
9.2,27.1,264,19.3
9.2,27,264,19
9.2,26.9,264,18.7
9.2,26.8,265,18.4
9.1,26.7,264,18.1
9.1,26.6,263,18
9.1,26.3,264,17.5
9.1,26.1,264,17.3
9.1,26,263,16.9
9.1,25.8,264,16.7
9.1,25.7,263,16.6
9.1,25.5,265,16.2
9,25.2,264,15.9
9,25,265,15.6
9,24.8,267,15.2
9,24.6,267,14.8
8.9,24.3,268,14.4
8.9,24,269,13.9
8.9,23.8,270,13.4
8.8,23.6,272,12.9
8.8,23.4,274,12.4
8.7,23.1,276,11.6
8.6,22.8,279,10.8
8.6,22.5,282,10.2
8.5,22.3,283,9.5
8.5,22,286,9
8.4,21.8,289,8.4
8.3,21.6,290,7.9
8.2,21.4,292,7.4
8.2,21.2,295,7.1
8.1,21.1,296,6.7
8,20.9,298,6.4
7.9,20.8,300,6.1
7.8,20.6,301,5.7
7.7,20.5,303,5.4
7.7,20.4,305,5
7.6,20.3,306,4.7
7.5,20.2,308,4.4
7.4,20.1,309,4.1
7.4,20,309,3.8
7.3,19.9,311,3.5
7.3,19.8,311,3.4
7.3,19.7,312,3.2
7.2,19.6,314,3
7.2,19.5,315,2.8
7.2,19.4,315,2.7
7.2,19.3,315,2.6
7.1,19.2,315,2.5
7.1,19.1,316,2.4
7.1,19,316,2.3
7.1,18.9,317,2.3
7.1,18.8,317,2.2
7.1,18.7,317,2.2
7.1,18.6,318,2.2
7.1,18.6,317,2.1
7.1,18.5,317,2.1
7,18.4,319,2
7,18.3,318,2
7,18.2,319,2
7,18.2,318,2
7,18.1,318,2
7,18,318,2
7,17.8,319,2
7,17.8,319,2
7,17.7,319,2
7,17.6,318,2
7,17.6,318,2
7,17.5,319,2
7,17.4,318,2
7,17.3,318,2
7,17.3,319,2
7,17.2,319,2.1
7,17.1,319,2.1
7,17.1,319,2
7,17,318,2.1
7,17,319,2.1
6.9,16.9,319,2.1
6.9,16.8,319,2.1
6.9,16.8,319,2.1
6.9,16.7,318,2.1
6.9,16.6,318,2.1
6.9,16.6,318,2.1
6.9,16.5,319,2.1
6.9,16.5,317,2.3
6.9,16.4,318,2.4
6.9,16.4,318,2.7
7,16.3,318,3
7,16.3,316,3.3
7,16.3,317,3.6
7,16.3,316,4
7,16.3,315,4.4
7.1,16.4,316,4.8
7.1,16.4,315,5.2
7.1,16.4,315,5.6
7.1,16.5,315,6
7.2,16.6,313,6.5
7.2,16.7,312,7
7.3,16.8,311,7.6
7.3,17,310,8.1
7.4,17.2,310,8.5
7.4,17.3,309,9.1
7.5,17.5,307,9.6
7.5,17.7,306,10.1
7.6,18,306,10.5
7.7,18.2,305,11
7.7,18.4,303,11.6
7.8,18.7,301,12.1
7.9,19,300,12.7
8,19.4,298,13.3
8.1,19.7,296,13.9
8.2,20,295,14.4
8.3,20.4,294,15
8.4,20.7,293,15.5
8.4,21.1,290,16
8.5,21.5,289,16.6
8.5,21.8,288,17
8.6,22.2,287,17.4
8.6,22.6,285,17.5
8.7,23,283,18
8.8,23.3,282,18.2
8.8,23.6,281,18.4
8.8,24,280,18.3
8.9,24.4,278,18.7
8.9,24.8,277,18.7
8.9,25.1,275,19.5
9,25.4,275,19.5
9,25.7,272,19.4
9,26,271,18.9
9,26.3,270,18.8
9.1,26.6,270,18.8
9.1,26.8,270,18.5
9.1,27.2,268,19.3
9.1,27.4,268,18.7
9.1,27.6,266,18.2
9.1,27.7,266,18.4
9.1,27.9,266,18.5
9.2,28,264,19.1
9.2,28.2,265,20.3
9.2,28.2,265,19.7
9.2,28.5,263,19.5
9.2,28.6,263,19
9.2,28.6,263,18.8
9.1,28.4,264,18
9.1,28.4,264,18.5
9.1,28.4,263,18.2
9.1,28.4,263,18.3
9.1,28.4,263,17.8
9.1,28.3,264,17.7
9.1,28.3,264,18.2
9.1,28.2,264,17.8
9.1,28,265,17.2
9,27.9,266,17
9,27.7,267,16.9
9,27.4,267,16.8
9,27.2,268,16.1
9,27,268,15.8
9,26.8,269,15.6
8.9,26.4,270,15.3
8.9,26.1,271,14.8
8.9,25.8,274,14.4
8.8,25.4,275,14
8.8,25.1,277,13.6
8.7,24.8,279,13.1
8.7,24.6,281,12.6
8.7,24.3,282,12
8.6,24,285,11.3
8.5,23.8,288,10.6
8.5,23.5,290,9.9
8.4,23.2,294,9.2
8.3,23,295,8.7
8.3,22.8,297,8
8.2,22.6,299,7.5
8.1,22.4,301,7
8,22.2,301,6.5
7.9,22.1,304,6
7.8,22,305,5.6
7.7,21.9,308,5.2
7.6,21.8,309,4.7
7.5,21.7,310,4.3
7.5,21.6,310,4
7.4,21.5,311,3.7
7.3,21.4,310,3.4
7.3,21.3,311,3.2
7.2,21.2,311,3
7.2,21.1,310,2.8
7.1,21,311,2.6
7.1,20.9,311,2.5
7.1,20.8,310,2.3
7.1,20.7,310,2.3
7,20.6,310,2.2
7,20.5,310,2.1
7,20.5,311,2
7,20.4,310,2
7,20.3,310,1.9
7,20.2,310,1.9
7,20.1,310,1.8
7,20,309,1.8
7,20,310,1.7
6.9,19.9,310,1.7
6.9,19.9,310,1.7
6.9,19.8,311,1.7
6.9,19.8,311,1.7
6.9,19.7,311,1.7
6.9,19.6,311,1.6
6.9,19.6,311,1.6
6.9,19.5,313,1.6
6.9,19.4,312,1.6
6.9,19.4,312,1.6
6.9,19.3,313,1.6
6.9,19.2,312,1.5
6.9,19.2,314,1.6
6.9,19.1,314,1.6
6.9,19,313,1.6
6.9,19,315,1.6
6.9,18.9,314,1.6
6.9,18.8,313,1.5
6.9,18.7,313,1.6
6.9,18.7,314,1.6
6.9,18.6,314,1.6
6.9,18.5,315,1.6
6.9,18.4,316,1.6
6.9,18.4,315,1.6
6.9,18.3,317,1.6
6.9,18.2,316,1.6
6.9,18.1,316,1.6
6.9,18,316,1.6
6.9,18,317,1.7
6.9,17.9,316,1.7
6.9,17.8,318,1.9
6.9,17.7,317,2.1
6.9,17.7,317,2.4
6.9,17.6,317,2.8
6.9,17.6,316,3.1
6.9,17.6,317,3.5
6.9,17.5,317,3.8
7,17.5,318,4.2
7,17.5,318,4.3
7,17.6,317,5
7,17.6,316,5.6
7.1,17.7,317,6.2
7.1,17.8,316,6.7
7.2,17.9,315,7.2
7.2,18,315,7.7
7.3,18.1,315,8.3
7.3,18.2,314,8.8
7.4,18.4,314,9.5
7.5,18.7,313,10
7.5,18.9,312,10.5
7.6,19.1,310,11
7.7,19.3,309,11.5
7.7,19.6,309,12.2
7.8,19.8,307,12.7
7.9,20.2,306,13.4
8,20.5,305,14.1
8.1,20.9,296,14.8
8.2,21.3,291,15.3
8.3,21.6,299,15.8
8.3,21.9,291,16.1
8.4,22.4,296,16.8
8.4,22.7,295,17
8.5,23,294,17.3
8.6,23.3,292,17.7
8.6,23.8,289,17.9
8.7,24.2,289,17.8
8.7,24.7,286,18.1
8.7,25,285,18
8.8,25.3,284,18
8.8,25.6,282,17.4
8.8,25.7,282,18.3
8.9,26,280,18.5
8.9,26.1,279,18.1
8.9,26.5,277,17.9
8.9,27,276,18.8
9,27.3,274,18.9
9,27.4,272,18.1
9,27.4,270,17.8
9,27.5,271,17.8
9,27.6,270,18
9,27.8,269,17.7
9.1,28,269,18.3
9.1,28.2,267,18.2
9.1,28.3,267,17.7
9.1,28.4,265,17.4
9.1,28.5,264,18.4
9.1,28.5,264,18.4
9.1,28.6,264,18.2
9.1,28.6,263,18.1
9.1,28.6,263,17.8
9.1,28.6,263,18.3
9.1,28.6,262,18.2
9.1,28.6,261,17.9
9.1,28.6,261,17.4
9.1,28.6,260,18.7
9.1,28.5,261,18.1
9.1,28.4,260,18.1
9.1,28.3,261,17.6
9,28.2,261,17.5
9,28,261,17.1
9,27.8,260,16.5
9,27.7,262,16.5
9,27.6,262,16
9,27.5,259,15.9
8.9,27.4,262,15.8
8.9,27.3,262,15.6
8.9,27.2,263,15.2
8.9,27,265,14.9
8.8,26.8,266,14.5
8.8,26.6,268,14
8.8,26.3,269,13.4
8.7,26.2,271,12.9
8.6,25.8,273,12.1
8.6,25.5,275,11.1
8.5,25.2,278,10.2
8.4,25,281,9.5
8.3,24.8,283,8.9
8.3,24.5,286,8.3
8.2,24.3,288,7.7
8.1,24,289,7.2
8,23.9,291,6.7
8,23.7,292,6.2
7.9,23.5,294,5.7
7.8,23.3,295,5.3
7.7,23.1,296,4.9
7.6,22.9,298,4.5
7.5,22.7,298,4.1
7.4,22.6,299,3.8
7.4,22.4,301,3.5
7.3,22.3,302,3.3
7.2,22.1,303,2.9
7.2,22,304,2.6
7.1,21.8,305,2.4
7.1,21.7,306,2.3
7.1,21.6,306,2.2
7,21.4,307,2.1
7,21.3,307,2
7,21.2,308,2
7,21.1,308,1.9
7,21,309,1.9
7,20.9,310,1.8
7,20.8,310,1.8
6.9,20.7,310,1.7
6.9,20.6,311,1.7
6.9,20.6,310,1.7
6.9,20.5,310,1.7
6.9,20.4,311,1.7
6.9,20.4,311,1.6
6.9,20.3,312,1.6
6.9,20.2,311,1.6
6.9,20.2,312,1.6
6.9,20,312,1.6
6.9,20,312,1.6
6.9,19.9,311,1.6
6.9,19.9,312,1.6
6.8,19.8,312,1.6
6.8,19.7,310,1.6
6.8,19.7,310,1.6
6.8,19.6,310,1.6
6.8,19.6,310,1.6
6.8,19.6,309,1.6
6.8,19.5,308,1.7
6.8,19.4,309,1.7
6.8,19.4,307,1.7
6.8,19.3,307,1.7
6.8,19.2,306,1.7
6.8,19.2,306,1.5
6.8,19.1,306,1.8
6.8,19.1,305,1.8
6.8,19.1,306,1.8
6.8,19,305,1.8
6.8,18.9,304,1.8
6.8,18.9,303,1.8
6.8,18.8,301,1.9
6.8,18.8,301,2.1
6.8,18.8,300,2.1
6.8,18.7,299,2.5
6.8,18.6,298,2.6
6.8,18.6,299,2.7
6.8,18.6,298,3
6.9,18.6,298,3.6
6.9,18.6,297,3.5
6.8,18.5,297,2.9
6.8,18.4,297,2.8
6.8,18.4,298,3.3
6.9,18.4,298,3.8
6.9,18.4,297,4.2
6.9,18.4,297,4.4
6.9,18.4,297,4.7
7,18.6,296,6.2
7.1,18.7,294,7
7.1,18.8,294,7.8
7.2,19,294,8.5
7.3,19.2,298,9.1
7.4,19.5,293,9.8
7.5,19.6,291,10.3
7.5,19.8,291,10.7
7.6,20,290,11.5
7.7,20.3,288,12.1
7.8,20.5,286,12.7
7.9,20.8,285,13.3
8,21.1,283,14.1
8.1,21.1,283,14.3
8.1,21.1,282,14.5
8.2,21.6,281,15.5
8.3,21.8,279,15.8
8.3,21.7,279,15.7
8.4,22.1,278,16.5
8.4,22.7,275,17.5
8.5,23.1,275,17.8
8.6,23.4,274,18.4
8.6,23.7,273,18.5
8.6,24,272,18.5
8.7,24.2,271,18.5
8.7,24.5,271,17.9
8.7,24.8,270,18
8.7,24.5,269,16.6
8.7,24.9,269,16
8.8,25,269,17.7
8.8,25.4,268,18.3
8.8,25.4,267,18.3
8.8,25.6,266,18.6
8.8,25.8,265,18.8
8.9,26.2,264,18
8.9,26.2,265,13.9
8.9,26,265,14.6
8.9,25.9,265,16.2
8.8,25.5,265,16.6
8.8,25.1,263,14.6
8.7,25,264,14.3
8.8,25.2,264,14.7
8.8,25.4,264,16.2
8.8,25.4,264,15.6
8.8,25.2,265,14.6
8.7,25,267,14.6
8.7,24.8,268,14.2
8.7,24.7,269,14.4
8.6,24.5,270,14
8.6,24.3,271,13
8.6,24.4,272,12.9
8.6,24.3,272,14.2
8.7,24.3,272,14.3
8.7,24.3,272,13.7
8.6,24.1,273,13.4
8.5,23.8,275,12.6
8.5,23.6,276,11.5
8.5,23.5,276,11.7
8.5,23.5,276,12.7
8.5,23.5,276,13.3
8.5,23.4,277,12.8
8.4,23.2,278,12.1
8.4,23.1,279,11.4
8.3,23,280,11.2
8.3,22.8,281,10.8
8.2,22.7,282,10.6
8.2,22.6,282,10.2
8.1,22.4,283,9.7
8.1,22.3,286,9.1
8,22.2,287,8.5
7.9,22,287,7.9
7.8,21.9,290,7.3
7.7,21.8,290,6.9
7.6,21.6,291,6.5
7.5,21.5,291,6.1
7.5,21.4,293,5.8
7.4,21.3,292,5.5
7.3,21.2,293,5.1
7.2,21.1,295,4.8
7.2,21,295,4.5
7.1,20.9,296,4.2
7.1,20.8,296,4
7,20.8,297,3.7
7,20.6,296,3.6
7,20.6,298,3.3
6.9,20.5,298,3.2
6.9,20.4,297,3
6.9,20.4,298,2.8
6.9,20.3,299,2.7
6.9,20.2,298,2.6
6.9,20.1,299,2.5
6.8,20.1,299,2.4
6.8,20,299,2.3
6.8,19.9,299,2.2
6.8,19.9,299,2.2
6.8,19.8,296,2.1
6.8,19.7,299,2.1
6.8,19.7,298,2.1
6.8,19.6,298,2
6.8,19.5,297,2
6.8,19.3,297,1.9
6.8,19.2,297,1.9
6.8,19.2,298,1.9
6.7,19.1,297,1.9
6.7,19,295,1.9
6.7,18.9,297,1.9
6.7,18.8,298,1.9
6.7,18.7,297,1.9
6.7,18.6,297,1.9
6.7,18.6,297,1.9
6.7,18.5,296,1.9
6.7,18.5,297,1.9
6.7,18.4,297,2
6.7,18.3,297,2
6.7,18.3,296,2
6.7,18.2,295,2
6.7,18.1,295,2
6.7,18.1,296,2
6.7,18,296,2
6.7,17.9,294,2
6.7,17.8,294,2
6.7,17.8,295,2
6.7,17.7,294,2.1
6.7,17.6,294,2.1
6.7,17.6,295,2.1
6.7,17.5,294,2.1
6.7,17.4,294,2.2
6.7,17.4,293,2.3
6.7,17.3,293,2.5
6.7,17.3,293,2.8
6.7,17.2,293,3.1
6.7,17.2,292,3.4
6.8,17.2,291,3.8
6.8,17.2,292,4.1
6.8,17.2,292,4.7
6.8,17.2,290,5.1
6.9,17.2,290,5.6
6.9,17.3,290,6
7,17.4,289,6.7
7,17.5,289,7.5
7.1,17.6,289,8.1
7.1,17.8,288,8.7
7.2,17.9,287,9.2
7.2,18.1,287,9.7
7.3,18.3,285,10.3
7.4,18.5,285,10.9
7.5,18.7,284,11.4
7.6,18.9,280,12
7.6,19.2,283,12.6
7.7,19.5,281,13.2
7.8,19.8,279,13.8
7.9,20.1,279,14.3
8,20.4,277,14.9
8.1,20.7,276,15.4
8.2,21,276,15.8
8.3,21.4,275,16.3
8.3,21.7,273,16.7
8.4,22.1,272,17.1
8.4,22.4,272,17.5
8.5,22.8,271,17.9
8.5,23.1,271,18.2
8.6,23.5,269,18.4
8.6,23.8,268,18.4
8.6,24,268,18.3
8.6,24.3,267,18.5
8.6,24.6,267,18.3
8.8,25,265,19.9
8.8,25.2,265,20.1
8.8,25.5,264,20.3
8.8,26,264,19.6
8.8,26.2,263,19
8.8,26.5,262,18.9
8.8,26.7,261,19
8.8,26.9,261,18.6
8.8,27.2,261,18.2
8.8,27.3,261,17.9
8.8,27.4,261,18
8.8,27.6,260,18
8.8,27.7,260,18
8.8,27.8,259,17.7
8.8,27.8,259,17.4
8.8,27.9,259,17.6
8.8,27.9,259,16.9
8.8,27.9,259,17.4
8.8,27.9,258,17.2
8.8,27.8,258,18.8
8.8,27.7,259,18.4
8.8,27.6,259,18
8.8,27.5,258,17.5
8.8,27.4,259,17.5
8.8,27.3,259,17.2
8.8,27.2,259,16.9
8.8,27,260,16.8
8.8,26.9,261,16.4
8.8,26.7,260,16.2
8.8,26.6,262,15.8
8.8,26.4,262,15.7
8.7,26.2,262,15.4
8.7,26.1,263,15.1
8.7,25.9,265,14.8
8.7,25.7,266,14.5
8.7,25.5,266,14.2
8.6,25.2,268,13.9
8.6,24.9,269,13.7
8.5,24.7,271,13.3
8.4,24.4,272,12.9
8.3,24.1,274,12.4
8.3,23.8,277,11.9
8.2,23.6,278,11.3
8.2,23.2,280,10.5
8.1,23,283,9.8
8,22.7,285,9.3
8,22.4,286,8.7
7.8,22.2,287,7.9
7.7,22,289,7.4
7.7,21.8,290,6.8
7.6,21.6,292,6.3
7.5,21.5,294,5.9
7.4,21.4,294,5.5
7.3,21.3,295,5
7.3,21.2,295,4.6
7.2,21.1,298,4.3
7.2,21,298,3.9
7.1,20.9,298,3.7
7.1,20.8,299,3.4
7,20.7,301,3.2
7,20.6,300,3
7,20.6,302,2.8
6.9,20.5,302,2.7
6.9,20.4,301,2.1
6.9,20.3,302,2.3
6.8,20.2,302,2.3
6.8,20.1,303,2.2
6.8,20,302,2.2
6.8,19.9,303,2.1
6.8,19.8,302,2
6.8,19.7,303,2
6.8,19.6,303,1.9
6.7,19.5,303,2
6.7,19.4,303,1.9
6.7,19.3,304,1.9
6.7,19.2,304,1.9
6.7,19.1,304,1.9
6.7,19,305,1.9
6.7,18.9,305,1.9
6.7,18.8,305,1.9
6.7,18.7,306,1.8
6.7,18.6,306,1.9
6.7,18.5,307,1.8
6.7,18.4,308,1.8
6.7,18.3,308,1.8
6.7,18.2,309,1.8
6.7,18.1,309,1.8
6.7,18,308,1.8
6.6,17.9,309,1.8
6.6,17.8,309,1.8
6.6,17.7,309,1.7
6.6,17.5,310,1.9
6.6,17.4,310,1.9
6.6,17.3,308,1.9
6.6,17.2,310,1.9
6.6,17.1,311,1.9
6.6,17,311,2
6.6,17,312,1.9
6.6,16.8,312,2
6.6,16.8,312,2
6.6,16.7,309,2
6.6,16.6,312,2
6.6,16.5,313,2
6.6,16.4,314,2.1
6.6,16.3,313,2.3
6.6,16.2,313,2.5
6.6,16.2,313,2.7
6.6,16.1,313,3
6.7,16.1,314,3.5
6.7,16,313,4
6.7,16,314,4.5
6.7,16,313,5
6.7,16.1,314,5.6
7.3,17.4,310,10.5
7.4,17.7,309,11
7.4,17.9,308,11.5
7.5,18.1,307,12.1
7.6,18.4,305,12.7
7.7,18.7,305,13.2
7.8,19.1,302,13.9
7.9,19.4,302,14.4
8,19.7,300,15
8,20.1,298,15.7
8.1,20.4,297,16.3
8.2,20.8,296,16.8
8.3,21.2,295,17.3
8.3,21.6,293,17.7
8.4,21.9,292,18.3
8.4,22.3,290,18.5
8.5,22.7,288,19
8.5,23.1,283,19.1
8.5,23.5,283,19.2
8.6,23.9,281,18.9
8.6,24.3,280,19.3
8.7,24.6,277,19.2
8.7,25,276,19.3
8.7,25.3,275,19.1
8.7,25.6,273,19.1
8.8,25.8,273,20.6
8.8,26.1,271,20.7
8.8,26.4,271,20.2
8.8,26.6,269,20.7
8.8,26.8,270,20.7
8.8,26.9,269,20.1
8.9,27,268,19.9
8.9,27,267,19.9
8.9,27.2,267,20.1
8.9,27.1,266,19.6
8.9,27.1,265,19.1
8.9,27,262,18.8
8.9,26.9,269,19
8.9,26.8,266,18.6
8.9,26.8,265,18.2
8.9,26.7,265,18.4
8.9,26.8,265,19
8.9,26.8,264,18.9
8.9,26.9,263,18.6
8.9,26.9,263,18.5
8.9,26.8,263,18.4
8.9,26.8,262,18.1
8.9,26.6,262,17.9
8.9,26.4,263,17.7
8.9,26.2,262,17.5
8.9,26.1,263,17.3
8.8,26,264,17.2
8.8,25.9,264,16.8
8.8,25.8,264,16.5
8.8,25.5,265,16.1
8.7,25.2,265,15.7
8.7,24.8,265,15.1
8.7,24.6,266,14.7
8.6,24.3,267,14.1
8.6,24.1,270,13.4
8.5,23.7,271,12.7
8.5,23.5,273,11.9
8.4,23.2,275,11.1
8.3,22.9,277,10.4
8.3,22.7,277,9.8
8.1,22.1,284,8.5
8.1,21.9,286,7.9
8,21.7,289,7.4
7.9,21.5,290,6.9
7.8,21.3,293,6.5
7.7,21.2,295,6.2
7.6,21,295,5.8
7.5,20.9,297,5.5
7.4,20.7,295,5.1
7.4,20.5,296,4.8
7.3,20.3,299,4.4
7.2,20.2,300,4.1
7.1,20,305,3.9
7.1,19.9,305,3.6
7,19.7,306,3.3
7,19.6,307,3.2
6.9,19.5,310,3
6.9,19.4,310,2.8
6.9,19.4,311,2.7
6.8,19.3,311,2.6
6.8,19.2,313,2.4
6.8,19.2,313,2.3
6.8,19.1,314,2.3
6.8,18.9,315,2.2
6.8,18.8,315,2.2
6.7,18.7,315,2.1
6.7,18.6,315,2.1
6.7,18.5,316,2.1
6.7,18.4,316,2
6.7,18.3,316,2
6.7,18.2,316,2
6.7,18.1,316,2
6.7,18,316,2
6.7,17.9,316,2
6.7,17.8,317,2
6.7,17.8,317,2
6.7,17.7,316,2.1
6.7,17.6,317,2.1
6.6,17.5,317,2
6.6,17.4,317,1.9
6.6,17.4,319,2
6.6,17.3,318,2.1
6.6,17.2,317,2
6.6,17.2,318,2.1
6.6,17.1,319,2.1
6.6,17,319,2.1
6.6,16.9,318,2.1
6.6,16.8,318,2.1
6.6,16.7,319,2.1
6.6,16.7,319,2.1
6.6,16.6,319,2.2
6.6,16.5,319,2.2
6.6,16.4,320,2.2
6.6,16.3,319,2.2
6.6,16.3,319,2.2
6.6,16.2,318,2.3
6.6,16,319,2.4
6.6,16,320,2.5
6.6,15.9,320,2.8
6.6,15.9,320,3
6.6,15.9,320,3.4
6.6,15.9,319,3.8
6.7,15.8,318,4.3
6.7,15.9,319,4.8
6.7,15.9,319,5.3
6.8,16,320,5.7
6.8,16,320,6.2
6.8,16.1,319,6.7
6.9,16.2,319,7.2
6.9,16.3,319,7.7
7,16.5,316,8.2
7.8,19.1,309,13.5
7.9,19.4,309,14.1
8,19.7,307,14.7
8,20.1,306,15.2
8.1,20.5,305,15.8
8.2,20.8,305,16.6
8.3,21.2,303,17
8.3,21.6,302,17.4
8.4,22,301,17.9
8.4,22.3,299,18.3
8.5,22.7,298,18.6
8.5,23.1,298,18.6
8.6,23.5,296,19.2
8.6,23.9,294,17.6
8.6,24.2,293,17.5
8.7,24.6,293,18.2
8.7,24.9,292,19.2
8.7,25.3,290,18.6
8.8,25.6,289,19
8.8,25.9,289,18.8
8.8,26.2,287,18.2
8.8,26.3,287,18.6
8.8,26.4,285,19.2
8.9,26.5,285,18.9
8.9,26.6,284,18.6
8.9,26.7,285,19.4
8.9,26.8,284,18.9
8.9,26.9,285,19.1
8.9,27,284,18.7
8.9,27.1,283,19.3
8.9,27.2,283,19
8.9,27.2,282,19.2
8.9,27.2,282,18.6
8.9,27.3,282,18.1
8.9,27.3,282,18.1
8.9,27.3,281,18.2
8.9,27.2,282,18.1
8.9,27.2,281,18.2
8.9,27,281,18.2
8.9,27,282,17.9
8.9,26.8,281,17.4
8.9,26.7,281,17.3
8.9,26.5,283,17.2
8.9,26.4,284,17
8.9,26.2,284,17
8.9,26,285,16.6
8.8,25.8,284,16.3
8.8,25.6,285,15.9
8.8,25.3,286,15.7
8.8,25,287,15.2
8.7,24.7,289,14.8
8.7,24.5,290,14.4
8.7,24.2,292,14
8.6,24,293,13.4
8.6,23.8,294,12.9
8.6,23.5,296,12.4
8.5,23.2,300,11.7
8.4,22.8,302,10.8
8.3,22.5,305,10
8.3,22.3,308,9.4
8.2,22.1,311,8.8
8.1,21.8,314,8.1
8,21.7,316,7.6
7.9,21.5,317,7.1
7.8,21.3,319,6.7
7.8,21.2,322,6.4
7.7,20.9,323,6.1
7.6,20.7,326,5.8
7.5,20.6,326,5.6
7.4,20.5,327,5.2
7.3,20.4,329,4.9
7.3,20.4,329,4.6
7.2,20.2,331,4.3
7.2,20.1,333,4
7.1,19.9,333,3.8
7.1,19.7,336,3.6
7,19.6,336,3.4
7,19.4,338,3.2
7,19.4,339,3.1
7,19.3,338,2.9
6.9,19.1,339,2.8
6.9,19,339,2.7
6.9,18.9,341,2.6
6.9,18.8,341,2.5
6.9,18.7,341,2.4
6.9,18.6,342,2.3
6.8,18.5,341,2.2
6.8,18.4,341,2.2
6.8,18.3,342,2.2
6.8,18.2,342,2.2
6.8,18.2,342,2.2
6.8,18.1,342,2.2
6.8,18,342,2.2
6.8,17.9,342,2.1
6.8,17.8,342,2.1
6.8,17.7,342,2.1
6.8,17.6,342,2.1
6.8,17.5,342,2.1
6.8,17.4,341,2.1
6.8,17.3,342,2.1
6.8,17.2,342,2.1
6.8,17.1,340,2.2
6.8,17,340,2.1
6.8,17,341,2.2
6.8,16.9,341,2.2
6.8,16.8,341,2.2
6.8,16.7,342,2.2
6.8,16.6,341,2.2
6.8,16.6,342,2.2
6.8,16.5,341,2.2
6.8,16.4,341,2.2
6.8,16.3,341,2.2
6.8,16.3,340,2.2
6.7,16.2,341,2.2
6.7,16.1,340,2.3
6.7,16,340,2.3
6.7,16,340,2.3
6.7,15.9,340,2.3
6.7,15.8,340,2.4
6.7,15.8,341,2.4
6.7,15.7,340,2.6
6.8,15.7,341,2.8
6.8,15.6,340,3.1
6.8,15.6,340,3.5
6.8,15.6,340,3.9
6.8,15.6,340,4.3
6.8,15.6,340,4.7
6.9,15.6,340,5.2
6.9,15.6,339,5.6
6.9,15.7,340,6.1
7,15.7,339,6.5
7,15.8,339,7
7,16,339,7.6
7.1,16.1,338,8
7.1,16.3,338,8.6
7.2,16.5,338,9.1
7.2,16.7,336,9.6
7.3,16.9,336,10.1
7.3,17.2,335,10.6
7.4,17.4,335,11
7.4,17.6,334,11.4
7.5,17.9,334,11.9
7.6,18.2,333,12.4
7.6,18.5,332,12.9
7.7,18.8,331,13.4
7.8,19.2,330,13.9
7.8,19.5,328,14.4
7.9,19.9,327,15
8,20.2,326,15.5
8.1,20.6,325,15.9
8.1,20.9,323,16.4
8.2,21.3,322,16.8
8.3,21.6,321,17.4
8.3,22,320,17.7
8.4,22.4,319,17.6
8.4,22.8,318,17.8
8.5,23.2,316,18.2
8.5,23.6,315,17.7
8.6,23.9,313,18.1
8.6,24.3,312,18.6
8.6,24.6,311,19
8.6,24.9,309,19.1
8.7,25.1,309,19.1
8.7,25.4,308,19.2
8.7,25.6,307,19.4
8.7,25.7,306,19.4
8.7,25.7,305,19.2
8.7,25.8,305,19
8.7,25.9,306,18.5
8.7,26,306,18.6
8.7,26.1,306,18.4
8.7,26.2,305,19.1
8.8,26.4,302,18.9
8.8,26.5,297,17.8
8.8,26.7,299,18.1
8.8,26.7,300,17.7
8.8,26.7,300,17.9
8.8,26.7,299,17.6
8.8,26.6,300,17.2
8.8,26.5,299,18.1
8.8,26.3,299,17.7
8.8,26.2,299,17.6
8.8,26.1,300,17.4
8.8,25.9,300,17.1
8.8,25.7,300,17
8.7,25.6,300,16.8
8.7,25.4,300,16.5
8.7,25.2,300,16
8.7,25,302,15.9
8.7,24.8,302,15.5
8.6,24.6,303,15
8.6,24.3,304,14.8
8.6,24.1,306,14.4
8.6,23.8,307,13.9
8.5,23.6,308,13.5
8.5,23.4,310,12.4
8.4,23,313,12
8.4,22.7,316,11.2
8.3,22.4,319,10.7
8.2,22.2,321,10
8.2,21.9,323,9.3
8.1,21.6,326,8.8
8,21.3,329,8.2
8,21.2,331,7.7
7.9,21,333,7.2
7.8,20.8,335,6.7
7.7,20.6,335,6.4
7.6,20.3,336,6.1
7.5,20.1,337,5.8
7.4,19.9,338,5.6
7.3,19.8,340,5.4
7.2,19.5,337,5
7.2,19.4,343,4.7
7.1,19.2,344,4.5
7.1,19.1,342,4.2
7,19,345,4.1
7,18.7,347,3.8
7,18.6,348,3.6
7,18.5,350,3.4
6.9,18.4,350,3.3
6.9,18.4,350,2.8
6.9,18.3,351,2.9
6.9,18.3,350,2.6
6.9,18.2,350,2.6
6.8,18.2,350,2.5
6.8,18.1,351,2.4
6.8,18,351,2.3
6.8,18,352,2.3
6.8,17.9,351,2.2
6.8,17.8,351,2.2
6.8,17.7,352,2.2
6.8,17.6,351,2.2
6.8,17.6,352,2.1
6.8,17.5,352,2.1
6.8,17.4,352,2.1
6.8,17.3,351,2.1
6.8,17.1,352,2.1
6.8,17.1,351,2.2
6.8,17,351,2.1
6.8,16.8,351,2.2
6.8,16.8,351,2.2
6.8,16.7,350,2.2
6.8,16.6,350,2.2
6.7,16.5,350,2.2
6.7,16.4,351,2.2
6.7,16.4,351,2.3
6.7,16.3,349,2.2
6.7,16.3,349,2.2
6.7,16.2,350,2.2
6.7,16.2,350,2.2
6.7,16.1,349,2.2
6.7,16,350,2.3
6.7,16,348,2.2
6.7,15.9,349,2.2
6.7,15.8,346,2.3
6.7,15.8,348,2.3
6.7,15.8,349,2.4
6.7,15.7,349,2.4
6.7,15.6,348,2.6
6.7,15.6,348,2.8
6.7,15.5,348,3.1
6.8,15.5,348,3.4
6.8,15.5,348,3.9
6.8,15.5,348,4.4
6.8,15.5,348,4.8
6.8,15.5,347,5.2
6.9,15.6,347,5.7
6.9,15.6,348,6.2
6.9,15.7,347,6.6
7,15.8,347,7.1
7,15.9,346,7.6
7,16.1,345,8.2
7.1,16.3,344,8.7
7.1,16.5,344,9.2
7.1,16.7,344,9.7
7.2,16.9,344,10.2
7.2,17.1,342,10.6
7.3,17.4,342,11.1
7.4,17.6,342,11.5
7.4,17.9,340,12
7.4,18.2,340,12.5
7.5,18.5,338,13
7.6,18.8,338,13.4
7.6,19.1,336,13.9
7.7,19.5,336,14.4
7.8,19.8,334,14.9
7.8,20.1,333,15.5
7.9,20.5,331,15.9
8,20.8,330,16.6
8,21.2,328,16.9
8.1,21.6,327,17.3
8.1,21.9,326,17.8
8.2,22.3,323,18.1
8.3,22.7,323,18.5
8.3,23.1,321,18.5
8.3,23.4,319,18.6
8.4,23.8,318,18.7
8.4,24.1,317,18.4
8.5,24.4,315,19.3
8.5,24.8,312,19.2
8.6,25,312,19
8.6,25.3,311,18.5
8.6,25.6,310,18.8
8.6,25.9,308,18.7
8.7,26.1,307,19.2
8.7,26.4,307,19.3
8.7,26.6,306,19.5
8.7,26.8,304,19.4
8.7,26.8,305,19.4
8.8,26.8,304,19.4
8.8,26.8,302,19.1
8.8,26.8,301,20
8.8,26.8,302,19.2
8.8,26.8,302,19
8.8,26.8,301,18.9
8.8,26.8,299,18.4
8.8,26.8,299,18.4
8.8,26.7,298,18.2
8.8,26.6,299,18.1
8.8,26.5,298,18.2
8.8,26.5,298,17.7
8.8,26.3,298,17.7
8.7,26.2,299,17.3
8.7,26,298,16.5
8.7,25.8,298,16.3
8.7,25.7,298,16.3
8.7,25.5,300,16
8.7,25.3,301,15.7
8.6,25.1,302,15.2
8.6,24.9,302,15.1
8.6,24.6,303,14.7
8.6,24.4,304,14.2
8.5,24.1,307,13.7
8.5,23.9,309,13.2
8.4,23.6,305,12.7
8.4,23.4,312,12.2
8.3,23.1,314,11.4
8.2,22.9,317,10.4
8.2,22.7,321,9.8
8.1,22.4,324,9
8,22.2,327,8.4
7.9,22,329,7.8
7.8,21.7,331,7.3
7.7,21.5,332,6.8
7.6,21.3,333,5.9
7.5,21.1,336,6.1
7.4,20.9,336,5.7
7.4,20.8,338,5.5
7.3,20.6,338,5.3
7.2,20.5,339,5
7.2,20.4,341,4.7
7.1,20.2,341,4.4
7.1,20,341,4.1
7,19.9,342,3.8
7,19.7,344,3.7
7,19.6,345,3.5
7,19.6,345,3.3
6.9,19.1,348,2.8
6.9,19,349,2.7
6.8,18.9,349,2.6
6.8,18.8,350,2.4
6.8,18.7,350,2.4
6.8,18.6,350,2.2
6.8,18.5,348,2.2
6.8,18.4,351,2.1
6.8,18.3,350,2.1
6.8,18.2,350,2.1
6.8,18.1,350,2
6.8,18,351,2
6.8,17.9,350,2
6.8,17.8,350,2
6.8,17.7,350,2.1
6.8,17.6,351,2
6.8,17.5,351,2
6.8,17.4,350,2
6.8,17.3,350,2.1
6.8,17.2,350,2
6.7,17.1,350,2.1
6.7,17.1,349,2.1
6.7,17,348,2.1
6.7,16.9,350,2.1
6.7,16.7,349,2.1
6.7,16.6,348,2.1
6.7,16.6,349,2.1
6.7,16.5,348,2.2
6.7,16.3,347,2.2
6.7,16.2,346,2.3
6.7,16.2,347,2.2
6.7,16.1,346,2.2
6.7,16,346,2.2
6.7,15.9,346,2.3
6.7,15.7,346,2.3
6.7,15.7,346,2
6.7,15.6,346,2.4
6.7,15.6,345,1.5
6.7,15.5,346,1.8
6.7,15.5,344,2
6.7,15.4,344,2.2
6.8,15.4,345,2.5
6.8,15.4,345,2.8
6.8,15.4,344,3.1
6.8,15.4,344,3.4
6.9,15.5,343,3.6
6.9,15.5,343,3.9
6.9,15.6,342,4.1
7,15.6,343,4.6
7,15.7,341,4.8
7,15.9,340,5.7
7.1,16,341,5.6
7.2,16.2,337,7.2
7.2,16.4,339,7
7.3,16.6,339,6.4
7.3,16.8,338,7.1
7.4,17.1,338,6.4
7.4,17.3,336,5.9
7.5,17.6,335,6.5
7.6,17.8,335,7.5
7.6,18.1,334,7.1
7.7,18.4,332,7.7
7.8,18.8,330,8.1
7.8,19.1,330,7.7
7.9,19.5,328,8
8,19.8,326,7.3
8.1,20.2,324,8.9
8.1,20.6,322,8.8
8.2,21,321,8.6
8.2,21.4,318,8.7
8.3,21.8,317,9.4
8.3,22.2,314,9.6
8.4,22.6,313,9.7
8.4,23,312,8.5
8.4,23.4,309,10.7
8.4,23.7,308,9.1
8.4,24.1,306,9.7
8.5,24.4,304,8.2
8.5,24.8,302,5.9
8.5,25.1,300,8
8.5,25.3,300,8.5
8.5,25.7,299,8.3
8.5,26,295,8
8.6,26.3,294,7.4
8.6,26.6,294,3.9
8.6,26.8,292,7.4
8.7,27,291,7.2
8.8,27.4,288,6
8.8,27.6,289,5.9
8.8,27.8,288,5.7
8.8,27.9,286,7.5
8.8,27.8,286,7.9
8.8,27.7,285,7.3
8.8,27.7,284,7.3
8.8,27.7,284,5.9
8.8,27.7,284,16.2
8.8,27.7,282,14.8
8.8,27.6,282,18
8.8,27.6,283,18
8.8,27.5,282,17.8
8.8,27.5,282,17.7
8.8,27.4,282,17.4
8.8,27.3,281,17.4
8.8,27.1,281,17.4
8.8,27,282,17.5
8.8,26.9,283,16.7
8.8,26.7,283,16.5
8.8,26.4,284,16.5
8.7,26.2,284,16.1
8.7,26,285,15.9
8.7,25.7,286,15.6
8.6,25.5,287,15
8.6,25.3,289,14.7
8.6,25,289,14.2
8.6,24.7,292,13.8
8.5,24.4,293,13.2
8.5,24.1,295,12.6
8.4,23.8,297,11.9
8.4,23.5,299,11.3
8.3,23.1,302,10.2
8.2,22.8,306,9.5
8.1,22.5,309,8.8
8,22.2,312,8.1
7.9,22,314,7.4
7.8,21.8,316,7.1
7.8,21.7,318,6.6
7.7,21.6,320,6.2
7.6,21.4,320,5.9
7.5,21.3,322,5.6
7.4,21.1,323,5.3
7.3,21,324,5
7.3,20.8,326,4.8
7.2,20.8,327,4.5
7.1,20.6,328,4.2
7.1,20.5,328,4
7,20.4,330,3.6
7,20.3,331,3.4
7,20.1,332,3.2
6.9,20,332,3
6.9,19.8,332,2.9
6.9,19.6,334,2.6
6.8,19.4,334,2.6
6.8,19.3,336,2.5
6.8,19,337,2.2
6.8,18.8,336,2.1
6.8,18.7,336,2.1
6.8,18.6,337,2.1
6.8,18.4,336,2
6.8,18.2,337,2
6.8,18.1,337,2
6.7,18,337,2
6.7,17.9,336,2
6.7,17.8,335,2
6.7,17.7,335,2
6.7,17.6,335,2
6.7,17.5,336,2.1
6.7,17.4,334,2.1
6.7,17.2,334,2.1
6.7,17.1,334,2.1
6.7,17,334,2.1
6.7,16.9,334,2.2
6.7,16.8,333,2.2
6.7,16.7,333,2.2
6.7,16.6,334,2.2
6.7,16.5,333,2.2
6.7,16.4,333,2.2
6.7,16.3,332,2.2
6.7,16.2,332,2.2
6.7,16.1,332,2.3
6.7,16,333,2.3
6.7,15.9,332,2.3
6.7,15.8,332,2.4
6.7,15.8,332,2.4
6.7,15.7,331,2.4
6.7,15.6,331,2.4
6.7,15.5,332,2.5
6.7,15.5,331,1.6
6.7,15.4,331,2.7
6.7,15.4,330,2.9
6.7,15.4,330,3.1
6.7,15.3,330,3.5
6.8,15.2,330,3.9
6.8,15.2,330,4.4
6.8,15.2,330,4.8
6.8,15.2,330,5.3
6.9,15.3,328,5.8
6.9,15.4,329,6.2
6.9,15.4,328,6.6
7,15.5,327,7.2
7,15.6,327,7.7
7,15.8,326,8.2
7.1,16,326,8.8
7.2,16.2,326,9.2
7.2,16.4,324,9.8
7.3,16.6,325,10.3
7.3,16.9,323,10.7
7.4,17.1,322,11.1
7.5,17.4,322,11.6
7.5,17.7,322,12
7.6,18,320,12.5
7.7,18.3,319,13
7.8,18.7,318,13.5
7.9,19,316,14
8,19.4,314,14.5
8,19.7,314,15.1
8.1,20.1,312,15.6
8.2,20.5,310,16.1
8.2,20.9,309,16.6
8.3,21.3,308,17.2
8.3,21.6,306,17.5
8.4,22,304,18
8.4,22.4,303,18.4
8.5,22.9,301,18.8
8.5,23.3,300,19.1
8.5,23.7,298,19
8.6,24.1,297,19.3
8.6,24.5,295,19.2
8.6,24.8,294,19.2
8.6,25.2,292,18.8
8.7,25.6,290,19.3
8.7,25.9,290,19.2
8.7,26.2,288,18.9
8.7,26.4,287,19.6
8.8,26.6,286,19.6
8.8,26.8,285,19.2
8.8,26.8,283,19.5
8.8,27,283,19.8
8.8,27.1,282,19.6
8.8,27.1,282,19.5
8.8,27.2,281,19.3
8.8,27.2,280,19.4
8.8,27.3,279,19
8.8,27.4,278,18.9
8.8,27.4,278,19
8.8,27.6,277,18.9
8.8,27.5,277,18.4
8.8,27.5,276,18.1
8.9,27.4,279,18.9
8.9,27.4,278,18.6
8.8,27.2,277,18.5
8.8,27.1,278,18
8.8,27.1,279,18.1
8.8,27,278,17.8
8.8,26.9,278,17.6
8.8,26.7,279,17.2
8.8,26.6,280,16.9
8.8,26.4,280,16.6
8.7,26.2,281,16.3
8.7,25.8,282,15.7
8.7,25.5,283,15.3
8.6,25.2,284,14.8
8.6,25,286,14.4
8.6,24.6,288,13.8
8.5,24.3,290,13.2
8.5,24,291,12.6
8.4,23.6,293,12
8.4,23.3,296,11.2
8.3,22.9,300,10
8.2,22.7,303,9.3
8.1,22.5,298,8.6
8.1,22.2,305,8
8,22,310,7.5
7.9,21.8,312,7
7.8,21.6,315,6.6
7.7,21.5,316,6.3
7.7,21.3,317,6
7.6,21.2,318,5.7
7.5,21.1,320,5.4
7.4,21,321,5.1
7.4,20.9,323,4.8
7.3,20.8,324,4.6
7.2,20.6,325,3.2
7.2,20.4,326,4
7.1,20.3,328,3.7
7.1,20.2,328,3.4
7,20,328,3.3
7,19.8,330,2.9
7,19.7,330,2.8
6.9,19.6,331,2.7
6.9,19.4,332,2.3
6.9,19.3,332,2.5
6.9,19.2,333,2.4
6.8,18.9,333,2.3
6.8,18.8,334,2.2
6.8,18.7,335,2
6.8,18.5,334,2.1
6.8,18.4,335,2.1
6.8,18.2,336,2.1
6.8,18.1,335,2.1
6.8,18,336,2.1
6.8,17.9,336,2
6.8,17.8,335,2
6.8,17.7,336,2
6.8,17.6,336,2
6.8,17.5,336,2
6.8,17.4,333,2.1
6.7,17.2,335,2.1
6.7,17.1,334,2.1
6.7,17,335,2.1
6.7,17,335,2.2
6.7,16.9,334,1.9
6.7,16.8,334,2.2
6.7,16.7,334,2.2
6.7,16.6,334,2.2
6.7,16.5,334,2.2
6.7,16.4,333,2.1
6.7,16.3,334,2.2
6.7,16.3,334,2.3
6.7,16.2,333,2.2
6.7,16.1,332,2.3
6.7,16,332,2.4
6.7,15.9,333,2.3
6.7,15.8,333,2.4
6.7,15.7,332,2
6.7,15.7,332,2.4
6.7,15.6,333,2.4
6.7,15.5,332,2.4
6.7,15.5,332,2.5
6.7,15.4,332,2.7
6.7,15.4,332,2.8
6.7,15.3,331,3.1
6.8,15.3,330,3.4
6.8,15.3,330,3.9
6.8,15.2,330,4.3
6.8,15.2,330,4.7
6.8,15.2,330,5.1
6.9,15.3,329,5.6
6.9,15.3,330,6
6.9,15.4,329,6.4
7,15.5,328,6.9
7,15.6,329,7.4
7,15.8,327,7.8
7.1,16,327,8.4
7.1,16.2,327,8.9
7.2,16.4,326,9.3
7.2,16.6,325,9.8
7.2,16.9,325,10.2
7.3,17.1,325,10.7
7.3,17.4,323,11.1
7.4,17.7,323,11.5
7.4,18,322,12
7.5,18.3,320,12.4
7.6,18.6,319,13
7.7,19,318,13.4
7.7,19.4,316,14
8,19.8,314,14.8
8.1,20.2,314,15.2
8.1,20.6,312,15.8
8.2,21,311,16.2
8.3,21.3,309,16.8
8.3,21.7,307,17.3
8.4,22.1,306,17.7
8.4,22.6,304,18.2
8.5,23,303,18.5
8.5,23.4,301,18.8
8.5,23.8,299,19.1
8.6,24.2,298,19.2
8.6,24.6,299,19.1
8.6,25,294,18.6
8.6,25.3,293,18.8
8.7,25.6,291,18.3
8.7,25.9,290,18.7
8.7,26.1,288,19.4
8.7,26.3,287,18.9
8.7,26.5,286,18.4
8.8,26.7,284,18.6
8.8,26.8,284,18.1
8.8,26.8,283,19
8.8,26.9,282,19.2
8.8,27,281,19
8.8,27.1,280,19
8.8,27.2,279,18.8
8.8,27.2,279,19.2
8.8,27.2,278,19.1
8.8,27.2,277,19
8.8,27.1,276,18.6
8.8,27.1,275,18.7
8.8,27,276,18.2
8.8,27,277,17.6
8.8,26.9,276,16.9
8.8,26.9,276,17.2
8.8,26.9,277,16.9
8.8,26.9,275,16.6
8.8,26.9,276,16.9
8.8,26.8,276,16.5
8.8,26.7,276,16.1
8.8,26.7,277,16.2
8.8,26.5,278,15.9
8.8,26.4,278,15.9
8.7,26.3,279,15.6
8.7,26.3,280,15.3
8.7,26.3,280,14.9
8.6,26.2,282,14.7
8.6,25.8,282,14.5
8.6,25.5,284,14.1
8.5,25.3,285,13.7
8.5,25.1,287,13.1
8.4,25,290,12.5
8.4,24.8,293,12
8.3,24.5,295,11.3
8.3,24.3,299,10.5
8.2,24,302,9.7
8.1,23.6,305,9
8,23.2,308,8.4
7.9,22.9,311,7.8
7.9,22.6,312,7.1
7.8,22.4,314,6.7
7.7,22.2,315,6.3
7.6,21.9,316,6
7.6,21.7,317,5.7
7.5,21.5,319,5.4
7.4,21.3,321,5
7.3,21.1,322,4.8
7.3,20.9,323,4.5
7.2,20.7,324,4.2
7.2,20.5,324,4
7.1,20.2,326,3.8
7.1,20.1,326,3.6
7,20,327,3.4
7,19.8,328,3.2
7,19.7,329,3
6.9,19.5,330,2.7
6.9,19.4,330,2.4
6.9,19.3,329,2.4
6.9,19.2,330,2.3
6.8,19,331,2.3
6.8,18.9,332,2.2
6.8,18.8,331,2.2
6.8,18.7,331,2.2
6.8,18.6,332,2.1
6.8,18.5,332,2.1
6.8,18.4,333,2.1
6.8,18.3,334,2.1
6.8,18.1,334,2.1
6.8,18,335,2.1
6.8,17.9,334,2.1
6.7,17.8,335,2.1
6.7,17.8,334,2.1
6.7,17.6,334,2.1
6.7,17.5,334,2.1
6.7,17.4,334,2.1
6.7,17.3,334,2.1
6.7,17.2,333,2.1
6.7,17.2,334,2.2
6.7,17,333,2.1
6.7,16.9,333,2.1
6.7,16.8,334,2.1
6.7,16.6,334,2.1
6.7,16.6,332,2.2
6.7,16.5,334,2.2
6.7,16.4,333,2.2
6.7,16.3,333,2.2
6.7,16.2,334,2.3
6.7,16.1,332,2
6.7,16,333,2.3
6.7,15.8,332,2.4
6.7,15.7,329,2.4
6.7,15.7,332,2.4
6.7,15.6,332,2.4
6.7,15.5,333,2.5
6.7,15.5,333,2.5
6.7,15.2,329,3.4
6.7,15.2,330,3.9
6.8,15.1,330,4.3
6.8,15.1,327,4.7
6.8,15.1,328,5.1
6.9,15.2,330,6.3
7,15.6,327,7.7
7,15.7,327,8.1
7,16,326,8.6
7.1,16.1,326,9.2
7.1,16.4,328,9.7
7.2,16.6,324,10
7.2,16.9,324,10.5
7.3,17.2,322,10.9
7.3,17.4,322,11.3
7.4,17.8,322,11.7
7.5,18.1,319,12.2
7.5,18.4,319,12.6
7.6,18.8,318,13.2
7.6,19.2,314,13.7
7.7,19.5,315,14.3
7.8,19.9,314,14.9
7.8,20.3,312,15.4
7.9,20.7,311,15.8
8.1,21.5,306,16.9
8.1,21.9,305,17.1
8.2,23.2,302,18
8.3,24,299,18.7
8.3,24.4,297,18.8
8.4,24.8,296,18.3
8.4,25.2,294,17.9
8.4,25.6,293,19.1
8.5,25.9,291,19.1
8.5,26.3,289,19.3
8.5,26.7,287,19.1
8.5,27,285,19.3
8.6,27.2,286,18.9
8.6,27.4,284,19.4
8.6,27.5,283,19.3
8.6,27.5,282,19.2
8.6,27.6,281,18.9
8.6,27.7,280,19
8.7,27.8,280,19.1
8.7,27.9,280,19.2
8.7,27.9,280,19
8.7,27.9,278,18.8
8.7,27.9,278,18
8.7,27.9,277,18.3
8.7,27.7,277,17.5
8.7,27.6,276,17.9
8.7,27.4,276,17.5
8.7,27.4,275,16.8
8.7,27.2,275,16.6
8.7,27,277,16.1
8.7,26.9,276,15.2
8.6,26.7,276,15.5
8.6,26.6,277,15.2
8.6,26.4,277,15.4
8.6,26.4,278,15.5
8.6,26.3,278,15.5
8.6,26.2,279,15.2
8.6,26.2,278,14.9
8.6,26,280,14.3
8.6,25.9,281,13.3
8.5,25.7,282,12.9
8.5,25.5,283,13.2
8.5,25.3,285,12.9
8.5,25.2,287,12.7
8.4,25,289,12.2
8.4,24.7,293,11.3
8.3,24.4,296,10.7
8.2,24.2,299,9.8
8.2,24,302,9.2
8.1,23.8,305,8.5
8,23.5,309,8
8,23.1,312,7.4
7.9,22.8,313,7
7.8,22.4,316,6.6
7.7,22.2,311,6.2
7.6,21.8,318,5.6
7.5,21.7,320,5.3
7.5,21.6,323,5
7.4,21.5,325,4.7
7.3,21.4,326,4.5
7.2,21.2,326,4.2
7.2,21,329,3.9
7.1,20.9,331,3.6
7.1,20.7,332,3.3
7,20.5,332,3.1
7,20.3,333,3
7,20.1,334,2.8
7,20,335,2.7
6.9,19.8,335,2.4
6.9,19.6,336,2.6
6.9,19.4,337,2.4
6.9,19.2,336,2.4
6.8,19.1,337,2.3
6.8,18.9,338,1.7
6.8,18.8,337,1.9
6.8,18.6,338,2.1
6.8,18.5,337,2
6.8,18.4,337,1.9
6.8,18.2,338,2
6.8,18.1,338,2
6.8,18,337,2.1
6.7,17.9,338,2
6.7,17.7,338,2
6.7,17.6,338,2
6.7,17.5,338,2.1
6.7,17.4,339,2
6.7,17.2,339,2.1
6.7,17.1,338,2.1
6.7,17,338,2.2
6.7,16.9,339,2.2
6.7,16.8,339,2.2
6.7,16.7,339,2.2
6.7,16.5,339,2.1
6.7,16.4,340,2.1
6.7,16.3,341,2.2
6.7,16.2,341,2.2
6.7,16.1,338,2.2
6.7,16,338,2.2
6.7,15.9,339,2.2
6.7,15.8,338,2.2
6.7,15.6,339,2.3
6.7,15.5,340,2.3
6.7,15.4,339,2.4
6.7,15.3,338,2.4
6.7,15.3,339,2.5
6.7,15.2,338,2.4
6.7,15.1,338,2.4
6.7,15,338,2.3
6.7,14.9,338,2.5
6.7,14.8,339,2.6
6.7,14.8,338,2.9
6.7,14.7,337,3
6.7,14.6,337,3.5
6.8,14.6,337,3.8
6.8,14.6,337,4.3
6.8,14.6,335,4.8
6.8,14.6,335,5.2
6.8,14.6,335,5.7
8.5,22.4,305,17.2
8.6,22.8,303,17.5
8.6,23.3,301,17
8.7,23.7,299,17.8
8.7,24.1,298,17.5
8.7,24.5,296,17.8
8.8,24.9,294,17.5
8.8,25.3,292,18.5
8.8,25.6,291,18.5
8.8,25.8,291,18.1
8.8,26,290,18.4
8.8,26.2,288,18.6
8.9,26.3,287,18.2
8.9,26.4,286,18.3
8.9,26.5,285,18.1
8.9,26.6,284,17.9
8.9,26.7,283,18.1
8.9,26.9,282,18.2
8.9,27.1,281,18.1
8.9,27.3,279,18
9,27.5,279,18.1
9,27.6,279,17.8
9,27.8,277,18
9,27.8,276,17.8
9,27.9,274,18
9,27.8,276,17.8
9,27.8,276,17.7
9,27.6,276,17.5
9,27.4,276,17
9,27.2,275,16.8
8.9,27,276,16.7
8.9,26.8,276,16.5
8.9,26.7,276,16.2
8.9,26.6,276,16.1
8.9,26.5,278,16.3
8.9,26.4,277,16
8.9,26.4,278,15.8
8.9,26.3,280,15.6
8.8,26.3,279,15.2
8.8,26.2,281,14.9
8.8,26.1,282,14.6
8.8,26,282,14.1
8.7,25.8,284,13.6
8.7,25.7,287,13.2
8.6,25.5,288,12.6
8.6,25.3,292,11.9
8.5,25,294,11
8.5,24.8,298,10.2
8.4,24.6,301,9.5
8.3,24.3,304,8.9
8.2,24.1,307,8.2
8.2,23.9,309,7.6
8.1,23.7,311,7
8,23.5,314,6.7
7.9,23.4,315,6.3
7.8,23.2,317,6
7.8,23,319,5.7
7.7,22.8,319,5.3
7.7,22.6,320,5.1
7.6,22.4,322,4.8
7.5,22.2,323,4.5
7.5,21.9,325,4.2
7.4,21.7,326,4
7.3,21.5,327,3.8
7.3,21.3,328,3.5
7.2,21.1,330,3.3
7.2,20.9,330,3.1
7.2,20.7,332,3
7.2,20.6,332,2.9
7.1,20.4,332,2
7.1,20.2,333,2.4
7.1,20.1,334,2.5
7.1,19.9,334,2.5
7.1,19.8,334,2.4
7.1,19.6,334,2.4
7,19.4,334,2.3
7,19.3,335,2.2
7,19.1,336,2.2
7,19,336,2.2
7,18.8,336,2.2
7,18.7,335,2.2
7,18.6,335,2.2
7,18.4,336,2.1
7,18.3,336,2.2
7,18.2,335,2.2
7,18.1,335,2.2
7,18,336,2.2
7,17.9,335,2.2
7,17.8,336,2.2
7,17.6,336,2.3
7,17.5,336,2.3
7,17.4,336,2.3
7,17.3,336,2.3
7,17.2,336,2.3
7,17.1,337,2.3
6.9,17,336,2.3
6.9,16.9,336,2.3
6.9,16.8,336,2.3
6.9,16.7,335,2.4
6.9,16.6,336,2.4
6.9,16.5,335,2.4
6.9,16.4,335,2.4
6.9,16.3,335,2.5
6.9,16.2,335,2.5
6.9,16.2,334,2.6
6.9,16,335,2.6
6.9,16,334,2.6
6.9,15.9,334,2.6
6.9,15.8,335,2.6
6.9,15.8,334,2.7
6.9,15.7,334,2.9
7,15.6,333,3.1
7,15.6,333,3.4
7,15.5,332,3.9
7,15.5,332,4.3
7,15.5,333,4.8
7,15.5,332,5.2
7.1,15.6,332,5.6
7.1,15.6,332,6
7.1,15.7,332,6.5
7.2,15.8,330,6.9
7.2,15.9,330,7.4
7.2,16,330,7.9
7.3,16.2,329,8.4
7.3,16.4,329,8.9
7.4,16.6,328,9.4
7.4,16.8,327,9.8
7.5,17.1,328,10.3
7.5,17.3,327,10.7
7.6,17.6,326,11
7.6,17.8,325,11.5
7.7,18.2,323,11.9
7.8,18.5,322,12.3
7.8,18.8,322,12.8
7.9,19.1,320,13.3
8,19.5,319,13.7
8.1,19.9,318,14.3
8.2,20.2,316,14.7
8.2,20.6,315,15.1
8.3,21,314,15.5
8.4,21.4,312,15.9
8.4,21.8,310,16.2
8.5,22.2,309,17
8.5,22.6,306,17.3
8.6,23,305,17.7
8.6,23.4,303,18.1
8.6,23.9,302,18
8.6,24.2,300,18.3
8.7,24.7,299,18.6
8.7,25.1,297,18.4
8.7,25.5,295,18.5
8.7,25.8,294,19.4
8.7,26.1,293,19.2
8.7,26.3,291,19.2
8.8,26.5,289,19.4
8.8,26.7,289,19.2
8.8,26.8,287,18.9
8.8,27.1,286,19
8.9,27.2,285,18.9
8.9,27.4,284,19
8.9,27.7,282,18.6
8.9,27.7,282,18.3
8.9,27.8,281,18.2
8.9,27.9,280,18.1
9,28,279,18.4
9,28,279,18.7
9,28,278,18.4
9,28.1,278,18.1
8.9,28,277,17.9
8.9,28,277,17.5
8.9,28,276,17.2
8.9,27.9,276,17.9
8.9,27.8,276,17.5
8.9,27.6,276,17.4
8.9,27.4,276,17.3
8.9,27.3,276,16.5
8.9,27,276,16.9
8.9,26.9,276,16.5
8.9,26.6,277,15.9
8.9,26.5,277,15.6
8.8,26.3,278,14.8
8.8,26.1,278,14.9
8.8,25.9,278,14.8
8.8,25.7,280,14.8
8.8,25.6,281,14.5
8.8,25.3,282,14.1
8.7,25.2,283,13.7
8.7,25,285,13.2
8.7,24.7,286,12.7
8.6,24.5,288,11.9
8.6,24.2,289,11.1
8.5,23.9,294,10.5
8.4,23.6,298,9.6
8.4,23.4,300,8.7
8.3,23.2,303,7.9
8.2,22.9,305,7.4
8.1,22.7,308,7
8.1,22.5,311,6.6
8,22.3,312,6.2
8,22.2,313,6.2
7.9,22.2,315,5.9
7.8,22.2,316,5.7
7.8,22.1,318,5.4
7.7,22,319,5.2
7.6,21.9,321,4.9
7.6,21.8,323,4.6
7.5,21.7,324,4.5
7.4,21.5,325,4.4
7.4,21.4,326,4
7.3,21.2,327,3.9
7.3,21.1,328,3.6
7.3,21,330,3.5
7.2,20.8,330,3.2
7.2,20.7,331,3.1
7.2,20.6,333,2.9
7.1,20.5,332,2.7
7.1,20.3,333,2.7
7.1,20.2,334,2.6
7.1,20.1,335,2.5
7,20,335,2.4
7,19.8,336,2.4
7,19.7,336,2.3
7,19.6,336,2.3
7,19.5,337,2.3
7,19.4,336,2.2
7,19.2,337,2.2
7,19.1,337,2.2
7,19,338,2.2
7,18.9,338,2.2
7,18.8,337,2.2
7,18.8,337,2.2
6.9,18.6,338,2.2
6.9,18.5,337,2.2
6.9,18.4,338,2.2
6.9,18.3,338,2.2
6.9,18.2,338,2.2
6.9,18.1,339,2.2
6.9,18,339,2.1
6.9,17.9,338,2.1
6.9,17.9,338,2.1
6.9,17.8,338,2.2
6.9,17.7,339,2.2
6.9,17.6,339,2.2
6.9,17.5,338,2.3
6.9,17.4,339,2.3
6.9,17.3,339,2.3
6.9,17.2,339,2.3
6.9,17.2,339,2.4
6.9,17.1,339,2.4
6.9,17,338,2.4
6.9,17,339,2.4
6.9,16.9,339,2.4
6.9,16.8,338,2.4
6.9,16.8,339,2.5
6.9,16.7,339,2.7
6.9,16.6,339,3
6.9,16.6,339,3.3
6.9,16.6,337,3.7
7,16.6,338,4.2
7,16.6,337,4.7
7,16.6,338,5.2
7,16.7,337,5.9
7.1,16.7,336,6.5
7.1,16.8,335,6.9
7.1,16.9,335,7.3
7.2,17,334,7.9
7.2,17.1,334,8.4
7.2,17.3,332,8.9
7.3,17.6,332,9.3
7.3,17.8,331,9.8
7.3,18,331,10.3
7.3,18.2,330,10.8
7.4,18.3,330,11.1
7.4,18.4,331,11.1
7.4,18.6,329,11.7
7.5,19,326,11.8
7.6,19.5,326,12.3
7.6,19.9,324,13
7.7,20.2,323,13.4
7.7,20.3,322,14.2
7.7,20.2,322,14.1
7.8,20.1,321,14.1
7.8,20.2,320,13.8
7.9,20.5,319,13.7
7.9,21.2,315,13.8
8,21.9,312,15.2
8.1,22.4,311,15.6
8.1,22.9,309,16.3
8.2,23.2,308,16.4
8.2,23.6,305,16.8
8.2,23.8,304,17
8.3,24.3,302,17.1
8.4,24.5,300,17.2
8.4,24.7,298,17.4
8.5,24.9,299,17.9
8.5,25.2,297,18.4
8.6,25.3,293,18.5
8.5,25.2,293,18.6
8.6,25.2,293,18.1
8.6,25.1,292,18.3
8.6,25.3,291,18.6
8.7,25.6,288,19.4
8.7,25.8,288,19.3
8.7,26.1,286,19.4
8.7,26.4,285,19.4
8.8,26.8,284,19.5
8.8,27,283,19.3
8.8,27.2,281,19.4
8.9,27.4,282,19.7
8.9,27.5,280,19.3
8.9,27.6,281,19.7
8.9,27.6,279,19.3
8.9,27.8,280,19.4
8.9,27.6,280,18.4
8.8,27.3,280,18.1
8.8,26.9,279,17.6
8.7,26.5,281,16.8
8.7,26.1,282,16
8.6,25.7,284,15.7
8.6,25.4,286,14.9
8.4,25.1,291,12.9
8.4,24.9,290,12.8
8.4,24.6,295,12.6
8.4,24.5,295,12.5
8.4,24.6,293,13
8.5,24.7,293,13.6
8.5,24.7,293,13.1
8.4,24.6,296,12.1
8.4,24.4,299,11.2
8.4,24.3,301,11.1
8.3,24.1,302,10.9
8.3,24,302,10
8.2,23.8,306,9.1
8.2,23.7,310,8.4
8.1,23.5,312,7.9
8,23.3,314,7.4
7.9,23,315,7
7.8,22.8,316,6.9
7.8,22.7,318,6.3
7.8,22.5,318,5.8
7.7,22.4,321,5.6
7.6,22.4,322,5.5
7.4,22.1,325,4.5
7.4,21.9,326,4.3
7.4,21.8,327,3.9
7.3,21.7,328,4
7.2,21.4,330,3.8
7.2,21.1,329,4
7.2,21,328,3.7
7.2,20.8,329,3.6
7.1,20.7,327,3.6
7.1,20.7,328,3.4
7.1,20.6,331,3.3
7.1,20.6,333,3.2
7,20.5,334,3
7,20.3,333,2.8
7,20.2,335,2.5
7,20.1,335,2.1
7,20,336,2.2
7,19.9,336,2.2
7,19.8,337,2
7,19.7,338,2.4
7,19.6,337,2.3
7,19.6,338,2.2
7,19.5,337,2.2
7,19.5,337,1.9
6.9,19.4,338,2
6.9,19.3,339,2.1
6.9,19.3,339,2.3
6.9,19.2,338,2.3
6.9,19.1,339,2
6.9,19,339,2
6.9,18.9,338,2
6.9,18.8,338,2
6.9,18.7,339,2
6.9,18.7,339,2.2
6.9,18.6,339,2.1
6.9,18.5,339,2.2
6.9,18.4,339,2.3
6.9,18.3,338,2.2
6.9,18.2,338,2.1
6.9,18.1,338,2.1
6.9,18,339,2.2
6.9,17.9,338,2.3
6.9,17.8,339,2.4
6.9,17.8,338,2.3
6.9,17.7,338,2.5
6.9,17.7,339,2.6
6.9,17.6,338,2.5
6.9,17.6,337,2.5
6.9,17.5,338,2.4
6.9,17.4,339,2.4
6.9,17.4,339,2.4
6.9,17.3,338,2.5
6.9,17.2,339,2.3
6.9,17.2,338,2.6
6.9,17.1,338,3
6.9,17,338,3.4
6.9,17,338,3.6
6.9,17,338,3.9
6.9,17,337,4.3
7,16.9,337,4.5
7,17,336,5.5
7,17.1,335,6.3
7.1,17.2,334,6.9
7.1,17.3,334,7.5
7.2,17.4,333,8
7.2,17.6,334,8.6
7.2,17.8,333,9.1
7.3,18,333,9.6
7.4,18.2,328,10.1
7.4,18.5,332,10.6
7.4,18.7,331,11.1
7.5,19,330,11.4
7.5,19.2,330,11.9
7.6,19.5,328,12.2
7.6,19.8,325,12.7
7.7,20.4,325,13.5
7.8,20.8,323,14.1
7.7,21.1,322,14.4
7.8,21.5,322,14.6
7.9,21.8,319,15.3
7.9,22.2,317,15.4
8,22.5,315,15.7
8,22.9,315,15.3
8.1,23.3,312,16.5
8.1,23.6,310,16
8.2,24,310,17.6
8.2,24.3,306,17.9
8.2,24.7,306,18.1
8.3,25.1,303,18.1
8.3,25.5,297,18.8
8.3,25.9,300,19
8.4,26.3,298,19.8
8.4,26.6,295,19.4
8.4,26.9,294,20
8.5,27,294,19.4
8.6,27,295,18.6
8.6,27,294,18.7
8.5,26.7,295,16.9
8.6,27.1,293,19
8.6,27.2,292,18.9
8.6,27.1,292,18.4
8.6,27.6,289,19.2
8.6,27.5,287,18.8
8.5,27.5,287,18.1
8.5,27,290,17
8.6,27.2,289,18.4
8.6,27.5,286,18.6
8.6,27.7,285,17.3
8.5,27,287,14.8
8.4,26.6,286,14.3
8.4,26.2,289,13.8
8.3,26.1,289,14
8.2,26,288,14.2
8.2,25.9,292,14.3
8.1,25.8,293,14.5
8.1,25.6,293,14.9
8.2,25.5,293,14.7
8.2,25.5,294,14.2
8.2,25.4,296,14.1
8.1,25.2,297,13.5
8.1,25.1,299,12.8
8,24.8,301,12.2
8,24.5,304,11.2
7.9,24.2,308,10.3
7.8,23.9,311,9.3
7.8,23.7,313,8.7
7.8,23.5,315,7.9
7.7,23.3,317,7.1
7.6,23.1,318,6.7
7.6,23,321,3.6
7.6,22.9,322,6.3
7.5,22.7,323,6
7.5,22.5,324,5.8
7.4,22.3,325,5.6
7.4,22.1,326,5
7.4,22,326,5
7.3,21.8,328,4.6
7.3,21.7,328,4.3
7.2,21.5,329,4.2
7.2,21.3,330,4.1
7.2,21.1,331,3.8
7.1,20.9,333,3.7
7.1,20.8,332,3.5
7.1,20.6,334,3.4
7,20.4,335,3.4
7,20.3,335,3.2
7,20.2,336,2.9
7,20,337,2.9
7,19.9,338,2.7
7,19.7,337,2.7
7,19.6,338,2.6
7,19.4,338,2.5
7,19.3,338,2.6
6.9,19.2,338,2.6
6.9,19.1,340,2.6
6.9,18.9,340,2.3
6.9,18.8,335,2.5
6.9,18.7,336,2.3
6.9,18.6,333,2.3
6.9,18.5,335,2.5
6.9,18.4,333,2.4
6.9,18.3,336,2.4
6.9,18.1,335,2.4
6.9,18,335,2.3
6.9,18,334,2.3
6.9,17.9,336,2.4
6.9,17.8,336,2.3
6.9,17.7,342,2.4
6.9,17.6,342,2.2
6.9,17.5,344,2.4
6.9,17.4,342,2.3
6.9,17.4,345,1.7
6.9,17.3,344,1.9
6.9,17.2,345,1.9
6.9,17.1,345,1.8
6.9,17.1,342,1.9
6.9,17,341,2.4
6.9,16.9,341,2.3
6.9,16.8,342,2.4
6.9,16.8,341,2.3
6.9,16.6,340,2.4
6.9,16.6,341,2.5
6.9,16.5,341,2.5
6.9,16.4,341,2.5
6.8,16.3,341,2.5
6.8,16.2,340,2.6
6.8,16.2,341,2.7
6.8,16.1,341,2.7
6.8,16,340,2.9
6.8,16,340,3.1
6.9,15.9,339,3.5
6.9,15.9,338,4.1
6.9,15.8,338,4.4
6.9,15.9,337,4.6
6.9,16,336,5.2
7,16,336,6.2
7,16.1,335,6.9
7,16.2,336,7.4
7.1,16.3,335,7.9
7.1,16.5,334,8.3
7.2,16.6,334,8.8
7.2,16.8,333,9.4
7.2,17,333,9.8
7.4,17.2,334,10.6
7.5,17.5,333,11
7.6,17.7,333,11.5
7.6,18,331,11.9
7.7,18.3,330,12.4
7.8,18.6,330,12.8
7.8,18.8,329,13.1
7.9,19.2,327,13.6
7.9,19.5,325,14.1
8,19.8,325,14.6
8.1,20.2,324,15.1
8.1,20.6,322,15.6
8.2,21,321,16.2
8.2,21.3,318,16.6
8.3,21.7,318,17.1
8.4,22.1,316,17.6
8.4,22.5,314,18
8.4,22.9,313,18.3
8.5,23.2,311,18.4
8.5,23.6,310,18.9
8.6,24,307,19.5
8.6,24.4,307,19.7
8.6,24.8,304,19.9
8.7,25.2,303,20.2
8.7,25.6,302,20.4
8.7,25.9,300,20.3
8.7,26.2,298,20.4
8.8,26.5,298,20.6
8.8,26.7,296,20.6
8.8,26.8,294,20.5
8.8,27.1,294,20.7
8.8,27.2,292,20.5
8.8,27.3,292,20.4
8.8,27.6,291,20.5
8.8,27.7,289,20.2
8.8,27.9,289,19.9
8.9,28,288,20.2
8.9,28,286,20
8.9,28.1,286,19.8
8.9,28.2,286,19.7
8.9,28.3,284,19.7
8.9,28.4,284,20
8.9,28.5,284,20
8.9,28.4,283,19.5
8.9,28.4,283,19.1
8.9,28.3,282,18.7
8.9,28.2,282,18.7
8.9,28,283,18.2
8.8,27.8,283,17.9
8.8,27.6,283,17.8
8.8,27.4,283,17.7
8.8,27.1,283,17.3
8.8,26.9,284,16.9
8.8,26.6,284,16.6
8.8,26.2,285,16
8.7,26,286,15.9
8.7,25.6,286,15.2
8.7,25.4,287,14.8
8.6,25.1,289,14.4
8.6,24.8,290,13.9
8.6,24.5,291,13.4
8.5,24.3,293,12.8
8.5,23.9,295,12.1
8.4,23.7,297,11.2
8.4,23.4,300,10.4
8.3,23.1,303,9.7
8.2,22.8,305,9
8.1,22.5,308,8.3
8.1,22.4,311,7.7
8,22.2,312,7.3
7.9,22,314,6.8
7.9,21.9,315,6.5
7.8,21.8,318,6.3
7.7,21.7,319,6
7.7,21.5,320,5.8
7.6,21.4,322,5.6
7.6,21.4,322,5.4
7.5,21.4,324,5.2
7.4,21.3,326,4.8
7.4,21.2,326,4.5
7.3,21.1,327,4.5
7.3,21,329,4.2
7.2,20.8,330,4
7.2,20.7,331,3.8
7.2,20.5,332,3.7
7.1,20.3,333,3.5
7.1,20.2,333,3.4
7.1,20.1,334,3.2
7,20,335,3.2
7,19.8,336,3
7,19.5,337,2.7
6.9,19.2,335,2.6
6.9,19,334,2.5
6.9,18.9,339,2.5
6.9,18.8,338,2.5
6.9,18.7,341,2.4
6.9,18.6,340,2.4
6.9,18.4,333,2.4
6.9,18.2,341,2.4
6.9,18.1,340,2.4
6.9,18,340,2.4
6.9,17.9,340,2.4
6.8,17.7,340,2.4
6.8,17.6,341,2.4
6.8,17.5,342,2.4
6.8,17.4,340,2.4
6.8,17.3,341,2.4
6.8,17.2,341,2.4
6.8,17.1,341,1.4
6.8,17,341,2.5
6.8,17,341,2.6
6.8,16.9,341,2.5
6.8,16.8,341,2.6
6.8,16.7,341,2.6
6.8,16.6,341,2.7
6.8,16.5,340,2.6
6.8,16.4,340,2.7
6.8,16.3,340,2.7
6.8,16.3,341,2.7
6.8,16.2,341,2.7
6.8,16.2,340,2.8
6.8,16.1,339,3
6.8,16,339,3.2
6.8,16,339,3.5
6.9,15.9,339,4
6.9,15.9,339,4.5
6.9,15.9,339,4.9
6.9,16,339,5.5
7,16,339,5.9
7,16,336,6.4
7,16.1,336,6.9
7.1,16.2,336,7.3
7.1,16.3,337,7.8
7.1,16.5,335,8.3
7.2,16.6,336,8.8
7.2,16.8,335,9.3
7.3,17,335,9.8
7.4,17.3,334,10.3
7.4,17.6,332,10.7
7.5,17.8,330,10.8
7.6,18.1,329,11.7
7.6,18.4,331,12.1
7.7,18.7,329,12.5
7.8,19,324,12.9
7.8,19.3,326,13.4
7.9,19.7,326,13.9
8,20,324,14.4
8,20.4,323,14.9
8.1,20.8,322,15.4
8.2,21.2,320,15.9
8.2,21.5,318,16.4
8.2,21.9,317,16.8
8.3,22.3,315,17.3
8.4,22.7,313,17.7
8.4,23.1,301,18.1
8.4,23.5,304,18.4
8.5,24.2,296,19.1
8.5,24.6,298,19.3
8.6,25,305,19.5
8.6,25.4,296,19.5
8.6,25.8,302,20
8.6,26.1,300,20.1
8.7,26.5,299,19.9
8.7,26.8,299,20.3
8.7,27.1,297,20.8
8.7,27.4,291,20.6
8.8,27.9,293,20.4
8.8,28,292,20.1
8.8,28.1,291,20.3
8.8,28.3,289,20.1
8.8,28.4,289,20
8.8,28.6,288,20.1
8.8,28.8,287,20.3
8.8,28.8,287,20.1
8.8,28.9,286,19.7
8.8,28.8,285,19.4
8.8,28.7,284,19
8.8,28.6,284,19.3
8.8,28.5,284,19.2
8.8,28.4,283,18.7
8.8,28.3,284,18.6
8.8,28.1,284,18.2
8.8,27.7,281,17.6
8.8,27.4,282,16.9
8.7,27.2,284,16.6
8.7,27,284,16.3
8.7,26.9,284,16.1
8.7,26.6,284,15.6
8.6,26.4,286,15.2
8.6,26.2,285,14.9
8.6,26,287,14.6
8.6,25.8,288,14.2
8.5,25.6,290,13.7
8.5,25.3,292,13.3
8.5,25,293,12.8
8.4,24.7,295,12.2
8.4,24.4,298,11.3
8.3,24.2,301,10.5
8.2,23.8,304,9.8
8.2,23.5,306,9
8.1,23.3,307,8.4
8,23.1,310,7.8
7.9,22.9,312,7.3
7.8,22.7,313,6.9
7.8,22.6,316,6.5
7.7,22.5,317,6.3
7.7,22.4,317,6.1
7.6,22.3,318,5.9
7.6,22.2,320,5.6
7.5,22.2,316,5.4
7.4,22.1,323,5.1
7.4,22.1,324,4.9
7.3,22,325,4.6
7.3,21.8,326,4.4
7.2,21.7,327,4.2
7.2,21.5,329,4
7.1,21.3,329,3.8
7.1,21.2,330,3.6
7.1,21.1,332,3.5
7.1,21,332,3.3
7,20.8,333,3.1
7,20.7,334,3
7,20.6,333,2.9
7,20.5,335,2.8
7,20.3,334,2.7
7,20.2,336,2.7
6.9,20.1,336,2.6
6.9,20,336,2.5
6.9,19.9,336,2.5
6.9,19.8,338,2.4
6.9,19.7,338,2.4
6.9,19.6,337,2.4
6.9,19.5,338,2.3
6.9,19.4,338,2.2
6.9,19.3,339,2.3
6.9,19.2,338,2.3
6.9,19.1,339,2.3
6.9,19.1,339,2.3
6.9,18.9,338,2.3
6.9,18.8,339,2.4
6.8,18.8,339,2.4
6.8,18.7,338,2.4
6.8,18.6,338,2.4
6.8,18.5,338,2.4
6.8,18.4,339,2.4
6.8,18.4,339,2.4
6.8,18.3,339,2.4
6.8,18.2,340,2.4
6.8,18.1,338,2.4
6.8,18,338,2.3
6.8,17.9,339,2.4
6.8,17.8,339,2.5
6.8,17.8,338,2.5
6.8,17.7,338,2.5
6.8,17.6,339,2.5
6.8,17.5,339,2.5
6.8,17.5,338,2.6
6.8,17.4,339,2.6
6.8,17.3,338,2.6
6.8,17.3,336,2.6
6.8,17.2,337,2.7
6.8,17.2,338,2.8
6.8,17.1,337,3.1
6.8,17,338,3.4
6.8,17,336,3.9
6.9,17,337,4.3
6.9,17,336,4.8
6.9,17,336,5.2
7,17,336,5.7
7,17,335,6.2
7,17.1,335,6.7
7,17.2,335,7.2
7.1,17.3,334,7.7
7.1,17.4,334,8
7.2,17.6,333,8.7
7.2,17.8,333,9
7.2,18,329,9.6
7.2,18.3,332,10.1
7.2,18.5,332,10.5
7.3,18.8,331,11
7.3,19,330,11.5
7.4,19.3,330,12
7.4,19.6,329,12.6
7.4,19.9,328,12.9
7.5,20.2,326,13.3
7.5,20.5,325,13.8
7.6,20.9,324,13.6
7.6,21.2,320,14.6
7.7,21.6,321,15.3
7.8,21.9,321,15.2
7.8,22.2,320,16.1
7.9,22.6,318,16.8
8,23,314,17.2
8.1,23.3,314,17.6
8.1,23.6,312,17.8
8.2,24,312,18
8.2,24.3,309,18.3
8.3,24.7,309,18.8
8.4,25.1,306,19.7
8.5,25.5,304,19.9
8.5,25.9,304,20.3
8.6,26.1,302,20.4
8.6,26.5,299,20.7
8.6,26.8,298,20.8
8.6,27.1,297,20.6
8.6,27.3,296,20.5
8.6,27.5,295,20.5
8.6,27.6,293,20.5
8.7,27.7,293,20.1
8.7,27.9,293,20.3
8.7,28,290,20.2
8.7,28.2,289,20.1
8.7,28.4,289,19.5
8.7,28.4,288,19
8.7,28.6,285,19.2
8.8,28.6,286,19
8.8,28.6,285,18.7
8.7,28.5,283,18.7
8.7,28.5,282,18.3
8.7,28.4,281,18.2
8.7,28.2,282,17.6
8.7,28.1,281,18
8.7,28,280,10.1
8.6,27.7,280,17.9
8.6,27.6,281,17.7
8.6,27.3,281,17.2
8.6,27.2,280,17
8.6,27,280,16.6
8.6,26.7,282,16.2
8.6,26.6,281,16
8.6,26.4,282,15.7
8.5,26.2,284,15.5
8.5,26,284,15
8.5,25.9,285,14.6
8.5,25.7,286,14.3
8.4,25.4,288,13.9
8.4,25.2,289,13.3
8.3,25,290,12.7
8.3,24.8,293,12
8.2,24.5,296,11
8.2,24.3,298,10.2
8.1,24.1,299,9.6
8,24,304,8.9
8,23.9,306,8.2
7.9,23.8,308,7.7
7.8,23.7,309,7.1
7.8,23.6,311,6.8
7.8,23.5,313,6.5
7.7,23.5,315,6.3
7.7,23.4,316,6.1
7.6,23.2,317,5.8
7.6,23.1,319,5.6
7.5,22.9,319,5.4
7.5,22.8,321,5.2
7.4,22.7,322,4.9
7.4,22.6,324,4.6
7.3,22.5,324,4.4
7.3,22.3,326,4.1
7.2,22.1,327,4
7.2,22,328,3.8
7.1,21.9,329,3.5
7.1,21.8,329,3.4
7,21.5,331,3.2
7,21.4,331,3
7,21.2,332,3
7,21.1,333,2.9
7,21,333,2.8
6.9,20.9,334,2.7
6.9,20.8,334,2.6
6.9,20.7,335,2.5
6.9,20.5,335,2.4
6.9,20.4,335,2.4
6.9,20.3,337,2.4
6.9,20.1,337,2.3
6.8,19.9,338,2.2
6.8,19.8,335,2.3
6.8,19.7,337,2.3
6.8,19.6,338,2.3
6.8,19.5,337,2.3
6.8,19.4,337,2.3
6.8,19.4,337,2.3
6.8,19.2,338,2.3
6.8,19.2,337,2.3
6.8,19,337,2.3
6.8,18.9,337,2.4
6.8,18.8,338,2.4
6.8,18.8,338,2.4
6.8,18.7,338,2.4
6.8,18.6,338,2.3
6.8,18.5,332,2.4
6.8,18.4,337,2.4
6.8,18.3,337,2.5
6.8,18.2,336,2.5
6.8,18.1,336,2.5
6.8,18,336,2.5
6.8,18,337,2.6
6.8,17.9,336,2.6
6.8,17.8,336,2.6
6.8,17.8,335,2.6
6.8,17.7,336,2.6
6.8,17.7,337,2.6
6.8,17.6,337,2.6
6.8,17.5,336,2.7
6.8,17.4,337,2.8
6.8,17.4,337,3.1
6.8,17.3,337,3.4
6.8,17.3,336,3.5
6.8,17.3,336,4.3
6.8,17.3,335,4.6
6.9,17.3,336,5.2
6.9,17.3,334,5.8
6.9,17.4,335,6.3
7,17.4,334,6.8
7,17.5,333,7.3
7.1,17.6,334,7.9
7.1,17.8,333,8.5
7.2,17.9,332,9.1
7.2,18.1,331,9.6
7.2,18.3,331,10
7.2,18.6,330,10.6
7.3,18.8,330,11
7.4,19,329,11.5
7.4,19.3,329,11.9
7.4,19.6,328,12.3
7.5,19.8,328,12.8
7.5,20.1,326,13.3
7.6,20.4,324,13.7
7.6,20.8,324,14.3
7.7,21.1,322,14.7
7.8,21.4,320,15.2
7.8,21.8,320,15.6
7.9,22.2,318,16
7.9,22.6,317,16.4
8,22.9,315,16.8
8.1,23.3,314,16
8.2,23.7,311,17
8.2,24.1,310,17
8.3,24.4,309,18.4
8.3,24.8,307,19.1
8.4,25.1,306,19.5
8.4,25.5,305,19.8
8.4,26,304,19.7
8.4,26.3,302,19.8
8.5,26.6,301,19.8
8.5,26.9,299,20.3
8.5,27.1,297,20
8.5,27.3,296,19.9
8.5,27.6,296,18.5
8.5,27.8,294,18.6
8.5,27.7,297,18.8
8.5,27.7,293,16.5
8.5,27.7,292,17
8.5,27.9,292,17.7
8.6,28.1,290,18.9
8.6,28.4,288,18.8
8.6,28.5,284,19.1
8.7,28.6,286,19.2
8.6,28.7,285,18.8
8.5,28.8,288,18.6
8.4,28.7,285,18.1
8.4,28.7,284,17.2
8.4,28.7,282,16.8
8.4,28.7,282,17.7
8.4,28.6,281,17.8
8.4,28.6,281,17.6
8.4,28.6,280,17.6
8.4,28.6,280,17.2
8.5,28.3,280,16.9
8.5,28.1,281,16.6
8.4,27.9,281,16.2
8.4,27.8,281,16
8.5,27.7,280,15.9
8.4,27.6,281,15.6
8.5,27.4,282,15.3
8.5,27.2,282,15
8.5,27,283,15
8.4,26.8,285,14.6
8.4,26.6,286,14.3
8.4,26.4,287,13.8
8.4,26.2,288,13.1
8.3,25.9,289,12.7
8.3,25.7,292,12.1
8.2,25.5,294,11.3
8.2,25.3,297,10.5
8.1,25.1,299,9.8
8,24.9,301,9.1
7.9,24.7,304,8.3
7.8,24.6,306,7.6
7.7,24.5,307,7.3
7.7,24.3,309,6.9
7.7,24.1,311,6.6
7.6,23.9,311,6.4
7.6,23.7,313,6
7.5,23.5,314,5.8
7.5,23.3,314,5.5
7.4,23.1,316,5.2
7.3,22.9,318,5
7.3,22.8,318,4.7
7.2,22.6,320,4.5
7.2,22.5,321,4
7.2,22.3,322,4.1
7.1,22.2,323,3.9
7,22.1,323,3.7
7,22,325,3
7,21.9,326,2.4
7,21.8,327,2.3
6.9,21.7,327,2
6.9,21.5,328,2.7
6.9,21.4,329,2.6
6.8,21.3,329,2.6
6.8,21.2,330,2.5
6.8,21.1,330,2.4
6.8,21,330,2.4
6.8,20.9,331,2.4
6.8,20.8,332,2.2
6.8,20.7,332,2.3
6.8,20.6,332,2.2
6.8,20.5,332,2.1
6.8,20.4,332,2.2
6.8,20.2,332,2.2
6.8,20.1,332,2.2
6.8,20,333,2.2
6.8,19.9,333,2.2
6.8,19.8,333,2.2
6.8,19.7,333,2.2
6.8,19.6,332,2.2
6.8,19.5,333,2.2
6.8,19.4,332,2.2
6.8,19.3,333,2.2
6.8,19.2,332,2.2
6.7,19.1,333,2.2
6.7,19,333,2.2
6.7,18.9,332,2.1
6.7,18.8,332,2.1
6.7,18.7,332,2
6.7,18.6,332,2.1
6.7,18.6,329,2.1
6.7,18.5,331,2.2
6.7,18.4,332,2.3
6.7,18.3,331,2.2
6.7,18.2,332,2.2
6.7,18.2,332,2.2
6.7,18.1,331,2.3
6.7,18,332,2.2
6.7,18,331,2.2
6.7,17.9,332,1.6
6.7,17.9,333,1.8
6.7,17.8,332,2
6.7,17.7,331,2.3
6.7,17.7,331,2.3
6.8,17.6,332,2.8
6.8,17.6,332,3.4
6.8,17.6,330,3.8
6.8,17.6,330,4.4
7.4,17.9,326,6.9
7.3,18.1,327,7.4
7.3,18.3,326,7.9
7.4,18.5,326,8.4
7.4,18.7,326,8.9
7.5,18.9,325,9.3
7.5,19.2,324,9.8
7.6,19.4,324,10.2
7.7,19.7,323,10.6
7.7,19.9,322,11
7.8,20.2,322,11.4
7.8,20.5,321,11.9
7.9,20.8,320,12.3
8,21.1,319,12.7
8.1,21.5,318,13.2
8.1,21.8,317,13.6
8.2,22.2,315,14.2
8.2,22.6,314,14.6
8.3,22.9,312,15.1
8.4,23.3,311,15.5
8.4,23.7,310,15.9
8.5,24.1,309,16.4
8.5,24.4,308,16.8
8.6,24.8,306,17.1
8.6,25.1,304,17.4
8.6,25.5,303,17.7
8.6,25.8,302,17.7
8.7,26,300,18
8.7,26.3,299,18.2
8.7,26.5,298,18.3
8.8,26.7,297,18.5
8.8,26.9,297,18.2
8.8,27,295,18.3
8.8,27.2,293,18.2
8.8,27.3,294,17.8
8.8,27.5,291,17.8
8.8,27.7,289,17.6
8.9,28.1,288,17.7
8.9,28.4,287,17.7
8.9,28.5,286,17.4
8.9,28.5,284,17
8.9,28.6,284,17.3
8.9,28.7,283,17.5
8.9,28.8,283,17.8
8.9,28.8,282,17.6
8.9,29,281,17.2
8.9,29,280,17.3
8.9,29,280,17.2
8.9,29,280,17.3
8.9,29.1,280,17
8.9,29,280,16.9
8.9,29,279,16.8
8.9,28.9,279,16.5
8.9,28.7,279,16.4
8.9,28.6,280,16.1
8.9,28.5,279,15.7
8.9,28.4,280,15.5
8.8,28.3,281,15.8
8.8,28.2,281,15.4
8.8,28.1,281,15.1
8.8,27.7,282,14.8
8.8,27.4,284,14.4
8.7,27.2,285,13.9
8.7,26.9,286,13.5
8.7,26.7,288,13
8.6,26.6,289,12.4
8.6,26.4,291,11.8
8.6,26.2,294,11.1
8.5,26,297,10.1
8.4,25.8,300,9.3
8.3,25.6,303,8.6
8.2,25.5,305,8
8.2,25.3,307,7.5
8.1,25.1,310,7
8,24.9,312,6.6
7.9,24.6,313,6.3
7.9,24.4,314,6
7.8,24.2,315,5.7
7.7,24,317,5.5
7.7,23.8,318,5.3
7.6,23.6,318,5
7.6,23.5,320,4.8
7.5,23.4,321,4.6
7.5,23.2,322,4.3
7.4,23.1,324,4.1
7.4,22.9,324,3.9
7.3,22.8,326,3.6
7.3,22.5,327,3.4
7.2,22.3,328,3.2
7.2,22.1,330,3
7.2,22,330,2.9
7.2,21.8,332,2.8
7.1,21.7,332,2.7
7.1,21.5,334,2.6
7.1,21.2,334,2.5
7.1,20.9,335,2.4
7.1,20.8,334,2.3
7.1,20.6,336,2.3
7.1,20.5,338,2.3
7,20.2,338,2.2
7,20.1,338,2.2
7,20,337,2.2
7,19.8,339,2.2
7,19.7,340,2.2
7,19.5,340,2.2
7,19.4,339,2.2
7,19.3,339,2.2
7,19.1,340,2.2
7,18.9,337,2.2
7,18.8,340,2.2
7,18.7,339,2.2
7,18.6,340,2.3
7,18.5,340,2.3
7,18.4,339,2.3
7,18.2,339,2.3
7,18.2,339,2.4
7,18.1,339,2.4
7,18,340,2.4
7,17.6,338,2.4
7,17.5,339,2.5
7,17.3,339,2.5
7,17.1,339,2.6
7,16.9,338,4
7,16.8,339,4.5
7.1,16.8,337,4.9
7.1,16.9,337,5.4
7.1,17,338,5.8
7.2,17,337,6.2
7.3,17.6,335,8.1
7.4,17.8,334,8.6
7.4,18,334,9.1
7.5,18.2,334,9.5
7.6,18.5,334,9.9
7.6,18.7,334,10.3
7.7,19.3,332,11.1
7.8,19.6,332,11.5
7.8,19.9,331,11.9
7.9,20.2,329,12.4
7.9,20.6,323,12.8
8.1,21.3,327,13.7
8.1,21.7,324,14.1
8.2,22.1,323,14.6
8.3,22.4,322,15
8.4,23.2,319,15.9
8.4,23.6,316,16.3
8.5,23.9,315,16.6
8.5,24.3,315,16.8
8.7,26.5,308,17.7
8.7,26.8,305,18
8.8,27.2,303,18
8.8,27.5,303,18.1
8.8,27.8,302,17.9
8.8,28.1,301,18.1
8.8,28.3,300,18.5
8.8,28.5,299,18.6
8.8,28.7,298,18.7
8.8,28.7,295,18.5
8.8,28.5,295,16.7
8.7,28,298,15.8
8.7,27.7,298,15.8
8.7,27.4,299,15.5
8.7,27.1,297,15.1
8.7,27,297,15.4
8.6,26.8,296,14.9
8.6,26.4,294,14
8.5,26.1,302,13.3
8.5,25.7,304,12.4
8.4,25.4,307,11.6
8.4,25.1,306,11
8.3,24.9,304,10.3
8.3,24.8,308,10
8.3,24.5,307,9.7
8.3,24.2,302,9.4
8.4,25,305,11.3
8.5,25.2,304,11.7
8.5,25.3,304,11.8
8.5,25.4,306,11.8
8.5,25.4,307,11.5
8.5,25.3,309,11.1
8.4,25.2,310,10.5
8.3,25,313,9.9
8.2,24.8,315,9.1
8.2,24.5,316,8.5
8,24.2,314,7.8
8,24,313,7.3
7.9,23.8,322,6.8
7.8,23.6,322,6.3
7.7,23.4,323,5.9
7.6,23.2,324,5.6
7.6,23,325,5.3
7.5,22.9,325,5.1
7.4,22.7,326,4.9
7.4,22.6,326,4.7
7.4,22.4,326,4.5
7.3,22.3,327,4.3
7.3,22.1,327,4.1
7.2,22,328,3.8
7.2,21.9,328,3.6
7.2,21.8,328,3.4
7.2,21.6,329,3.2
7.1,21.5,328,3
7.1,21.4,329,2.9
7.1,21.3,330,2.8
7.1,21.2,331,2.7
7.1,21,331,2.6
7.1,20.9,333,2.5
7,20.8,334,2.4
7,20.7,335,2.3
7,20.5,335,2.3
7,20.4,335,2.2
7,20.3,336,2.2
7,20.2,336,2.2
7,20.1,336,2.2
7,20,338,2.2
7,19.9,338,2.2
7,19.8,337,2.1
7,19.7,338,2.1
7,19.6,339,2.2
7,19.5,339,2.2
7,19.4,340,2.2
7,19.3,339,2.2
7,19.1,340,2.2
7,19.1,339,2.2
7,19,339,2.2
7,18.9,339,2.2
7,18.8,340,2.2
7,18.8,340,2.2
7,18.6,340,1.9
7,18.5,340,2.3
7,18.4,340,2.3
7,18.3,340,2.4
7,18.3,341,2.4
7,18.2,340,2.4
7,18.1,340,2.4
7,18,341,2.4
7,18,341,2.4
7,17.9,340,2.4
6.9,17.8,341,2.4
6.9,17.7,341,2.4
6.9,17.6,342,2.5
6.9,17.6,342,2.5
6.9,17.5,342,2.5
6.9,17.4,343,2.5
6.9,17.4,342,2.5
6.9,17.3,343,2.5
6.9,17.2,342,2.5
6.9,17.2,343,2.7
6.9,17.1,342,2.8
7,17.1,342,3.2
7,17,343,3.6
7,17,342,4.1
7,17.1,342,4.7
7.1,17.1,341,5.3
7.1,17.2,341,6.3
7.2,17.2,340,6.7
7.2,17.3,340,7.1
7.2,17.5,341,7.6
7.3,17.6,339,8.1
7.3,17.8,340,8.7
7.4,18,339,9.2
7.4,18.2,338,9.6
7.5,18.4,338,10
7.6,18.7,336,10.5
7.6,18.9,338,10.9
7.7,19.2,340,11.4
7.7,19.5,336,11.7
7.8,19.8,337,12.1
7.9,20,336,12.6
7.9,20.4,335,13
8,20.7,334,13.6
8.1,21,332,13.8
8.1,21.4,330,14.5
8.2,21.8,329,15
8.3,22.2,329,15.5
8.3,22.6,327,15.4
8.4,23,326,16
8.4,23.3,326,13.5
8.5,23.7,324,16.8
8.5,24.1,317,16.9
8.5,24.5,321,17.6
8.6,24.9,320,17.6
8.6,25.2,319,18.2
8.6,25.6,318,17.8
8.6,26,315,17.7
8.7,26.4,314,18.9
8.7,26.5,313,18.7
8.7,26.8,312,19
8.7,26.6,313,18.2
8.7,26.9,311,18
8.7,26.7,312,17.9
8.6,26.4,313,16.8
8.6,26.2,313,16.2
8.5,26,315,15.3
8.5,25.9,316,14.8
8.5,25.7,315,14.8
8.5,25.6,315,14.8
8.5,25.6,314,15.5
8.5,25.6,312,15.3
8.6,25.8,311,16.1
8.6,25.9,310,15.4
8.5,25.9,312,14.6
8.5,25.7,314,13.8
8.4,25.3,317,13.1
8.4,24.9,318,12.6
8.4,24.8,318,12.8
8.4,24.9,318,13.6
8.4,25.5,314,14.4
8.5,25.8,312,14.8
8.6,25.9,312,14.3
8.5,25.8,315,13.7
8.5,25.6,316,13.1
8.4,25.3,317,12.9
8.3,25.1,318,12.8
8.4,24.9,318,12.7
8.4,24.9,316,13
8.4,24.9,314,13.4
8.4,25,312,12.8
8.5,24.8,313,12.8
8.4,24.6,313,13.4
8.4,24.3,313,12.8
8.4,24,313,12.1
8.2,23.4,323,10.8
8.1,23.1,326,10
8,22.8,329,9.2
7.9,22.6,331,8.6
7.8,22.3,332,8
7.8,22.1,334,7.6
7.7,21.8,334,7.2
7.6,21.7,336,6.6
7.6,21.6,336,6.6
7.5,21.5,337,6.3
7.5,21.4,337,6.1
7.5,21.4,338,5.9
7.4,21.4,339,5.7
7.4,21.3,340,5.6
7.4,21.3,339,5.4
7.3,21.2,340,5.3
7.3,21.1,340,5.1
7.3,21.1,340,5
7.3,21,340,4.4
7.2,21,341,4.7
7.2,20.9,341,4.5
7.2,20.8,342,4.2
7.2,20.8,344,4.2
7.2,20.7,344,4.1
7.1,20.6,345,3.9
7.1,20.5,340,3.8
7.1,20.4,345,3.7
7.1,20.3,346,3.6
7.1,20.3,347,3.5
7.1,20.2,347,3.4
7,20.1,348,3.2
7,20.1,348,3
7,20,348,2.9
7,20,350,2.5
7,19.9,349,2.8
7,19.8,349,2.8
7,19.8,350,2.8
7,19.7,350,2.7
7,19.7,351,2.7
7,19.6,351,2.6
7,19.6,352,2.6
7,19.5,352,2.5
7,19.5,351,2.5
7,19.4,353,2.5
7,19.4,353,2.4
7,19.4,351,2.4
7,19.3,353,2.4
7,19.3,353,2.4
7,19.2,352,2.4
7,19.2,352,2.3
7,19.2,353,2.3
6.9,19.1,354,2.3
6.9,19.1,353,2.4
6.9,19,354,2.4
6.9,18.9,354,2.3
6.9,18.8,355,2.3
6.9,18.8,355,2.4
6.9,18.7,354,2.4
6.9,18.7,355,2.4
6.9,18.7,354,2.3
6.9,18.6,354,2.3
6.9,18.5,354,2.4
6.9,18.5,354,2.4
6.9,18.4,355,2.3
6.9,18.4,354,2.3
6.9,18.4,354,2.3
6.9,18.4,354,2.4
6.9,18.3,355,2.5
6.9,18.3,355,2.3
6.9,18.3,354,2.5
7,18.4,355,3
7,18.4,355,3.6
7,18.4,353,4
7,18.4,354,4.1
7,18.5,353,5
7.1,18.6,343,5.3
7.1,18.8,351,6.8
7.2,19,350,7.8
7.3,19.1,350,8.2
7.3,19.1,350,8
7.3,19.3,348,8
7.4,19.6,349,9
7.4,19.8,348,9.6
7.5,20.1,347,9.9
7.5,20.3,348,10
7.6,20.6,347,11.8
7.7,20.8,347,12.4
7.9,21.1,346,12.9
8,21.3,343,13.4
8,21.7,342,13.9
8.1,22,341,14.3
8.2,22.2,340,14.6
8.2,22.6,339,15.2
8.3,23,338,15.8
8.3,23.3,338,15.9
8.4,23.7,336,16.5
8.4,24.2,335,17
8.5,24.6,333,17.4
8.5,25,331,17.8
8.5,25.4,330,18.1
8.6,25.8,324,18.4
8.6,26.2,328,18.5
8.6,26.6,326,18.1
8.6,26.4,325,17.4
8.6,26.6,324,17.8
8.6,26.9,323,18.6
8.7,27.2,321,18.6
8.7,27.1,319,17.6
8.6,26.8,321,16.7
8.6,26.5,322,16.2
8.5,26.1,324,15.5
8.4,25.7,327,14.7
8.3,25.2,328,13.9
8.3,24.9,329,13.6
8.2,24.7,329,13.1
8.2,24.4,328,13
8.2,24.1,328,13.1
8.2,24,328,13.3
8.3,23.9,325,13.6
8.4,23.8,323,13.6
8.4,23.9,323,13.7
8.4,24.1,324,13.8
8.5,24.2,324,14.3
8.5,24.3,325,14
8.4,24.3,326,13.4
8.4,24.3,328,12.8
8.3,24.3,330,12.4
8.3,24.3,331,12.3
8.3,24.3,330,12.1
8.3,24.3,330,12.2
8.3,24.4,326,12.4
8.4,24.4,328,12.8
8.4,24.4,327,13.5
8.4,24.5,326,13.8
8.4,24.6,325,14.4
8.4,24.7,326,14.3
8.4,24.7,326,14.1
8.4,24.7,326,14.1
8.4,24.7,326,14.2
8.4,24.4,327,13.5
8.4,24.2,327,13.1
8.3,24.1,321,12.9
8.3,24,330,12.5
8.3,23.9,332,12.1
8.2,23.7,332,11.2
8.1,23.4,332,10.4
8,23.2,338,9.6
7.9,22.9,340,9
7.8,22.7,342,8.7
7.7,22.6,342,8.3
7.6,22.4,343,7.9
7.5,22.2,330,7.4
7.5,22.2,345,7.2
7.4,22,345,7
7.4,21.9,346,6.8
7.4,21.8,347,6.6
7.3,21.7,348,6.4
7.3,21.6,349,6.2
7.3,21.5,348,6
7.2,21.4,349,5.7
7.2,21.3,350,5.6
7.2,21.2,350,5.5
7.2,21,350,5.3
7.2,20.9,352,5.1
7.1,20.8,352,4.9
7.1,20.7,352,4.8
7.1,20.6,352,4.5
7.1,20.5,353,4.4
7.1,20.4,354,4.3
7.1,20.3,355,4.2
7,20.2,356,4.1
7,20.1,356,3.9
7,20,356,3.8
7,19.9,357,3.8
7,19.8,358,3.6
7,19.6,358,3.5
7,19.5,359,3.1
7,19.4,359,3.3
7,19.3,360,3.2
7,19.2,360,3.2
7,19.1,360,3.1
7,19,361,2.9
6.9,18.9,361,3
6.9,18.8,362,3
6.9,18.7,361,2.9
6.9,18.6,362,2.8
6.9,18.5,346,2.8
6.9,18.4,363,2.8
6.9,18.3,359,2.7
6.9,18.2,358,2.8
6.9,18.1,360,2.8
6.9,18,363,2.8
6.9,17.9,363,2.8
6.9,17.8,362,2.6
6.9,17.8,362,2.8
6.9,17.7,363,2.9
6.9,17.6,362,2.8
6.9,17.6,364,2.8
6.9,17.5,364,2.8
6.9,17.4,364,2.6
6.9,17.4,364,2.7
6.9,17.3,365,2.6
6.9,17.2,366,2.8
6.9,17.1,366,2.8
6.9,17,366,2.8
6.9,17,365,2.9
6.9,16.9,367,2.9
6.9,16.8,366,2.9
6.9,16.8,366,2.9
6.9,16.7,366,2.9
6.9,16.7,367,3
6.9,16.6,366,3.2
6.9,16.6,366,3.4
6.9,16.6,367,3.7
6.9,16.6,366,4.2
6.9,16.5,366,4.7
7,16.6,365,5.2
7,16.6,366,5.7
7,16.6,365,6.1
7,16.7,366,6.5
7.1,16.7,365,6.9
7.1,16.9,364,7.4
7.1,17,365,7.9
7.2,17.2,366,8.3
7.2,17.4,366,8.8
7.2,17.6,365,9.2
7.3,17.8,366,9.7
7.3,18,366,10.2
7.4,18.3,366,10.5
7.4,18.6,365,11
7.5,18.8,364,11.3
7.5,19.1,364,11.7
7.5,19.4,362,12
7.6,19.7,362,12.4
7.6,20,363,12.7
7.6,20.4,361,13.2
7.7,20.7,361,13.4
7.8,21.1,359,13.9
7.8,21.4,358,14.3
7.9,21.8,358,14.5
8,22.2,356,15
8.1,22.5,356,15.5
8.1,22.9,355,16.1
8.2,23.3,353,16.3
8.2,23.6,352,16.6
8.2,23.9,350,16.9
8.3,24.3,348,16.8
8.3,24.6,349,17
8.3,25,345,16.6
8.4,25.4,336,16.3
8.4,25.6,344,16.2
8.4,26,343,16.2
8.4,26.2,344,16.1
8.5,26.5,340,16.2
8.5,26.8,342,16.2
8.5,27.1,336,16.6
8.5,27.3,339,17.5
8.5,27.6,340,18.1
8.5,27.8,338,18.1
8.5,28,337,18.3
8.6,27.9,337,18.1
8.5,27.2,338,15.8
8.4,26.5,341,14.8
8.3,25.9,344,13.9
8.2,25.3,348,11.8
8.1,25,351,10.9
8,24.6,354,10.3
8,24.4,356,9.9
7.9,24.2,356,8.8
7.9,24.1,355,10.3
7.9,24.1,354,10.1
7.8,24.1,356,9.4
7.8,24.1,357,10.2
7.8,24.2,356,10.5
7.9,24.2,354,10.2
8,24.2,354,10.6
7.9,24.2,354,10
7.9,24.3,354,11.1
7.9,24.3,356,11
7.9,24.3,355,10.6
7.9,24.2,355,9.5
7.9,23.9,355,9.2
7.8,23.7,352,9.8
7.8,23.5,352,9.5
7.8,23.2,353,7.1
7.7,23,352,8.6
7.7,22.6,353,8.4
7.6,22.4,354,7.6
7.6,22.2,351,7.2
7.6,22,351,6.8
7.5,21.9,349,6.5
7.4,21.8,351,7
7.4,21.7,351,5.9
7.3,21.5,351,5.9
7.2,21.4,351,5.7
7.2,21.3,351,5
7.2,21.2,349,5.4
7.2,21,348,4.9
7.1,20.9,347,5.1
7.1,20.7,346,4.3
7.1,20.6,346,4.5
7,20.4,344,4.2
7,20.4,344,4.3
7,20.3,343,3.9
7,20.2,344,3.9
7,20.2,344,3.5
7,20.1,344,2.7
7,20,344,2.6
6.9,20,345,2.5
6.9,19.9,344,2.5
6.9,19.9,344,2.5
6.9,19.8,344,2.5
6.9,19.8,345,2.3
6.9,19.7,345,2.6
6.9,19.7,345,2.8
6.9,19.6,343,2.4
6.9,19.6,342,2.5
6.9,19.5,344,2.4
6.9,19.5,345,2.4
6.9,19.4,345,2.3
6.9,19.3,345,1.8
6.9,19.3,345,2.1
6.8,19.2,345,1.8
6.8,19.2,346,1.9
6.8,19.1,346,1.3
6.8,19.1,346,1.8
6.8,19.1,346,1.6
6.8,19,345,1.6
6.8,19,346,1.2
6.8,19,346,1.3
6.8,18.9,345,1.1
6.8,18.9,345,0.8
6.8,18.8,345,0.8
6.8,18.7,344,1.4
6.8,18.7,344,1.2
6.8,18.6,345,0.9
6.8,18.6,344,1.1
6.8,18.6,342,1
6.8,18.6,343,1.5
6.8,18.5,342,1.4
6.8,18.5,341,1
6.8,18.5,341,1.6
6.8,18.4,340,1.5
6.8,18.4,341,1.1
6.8,18.3,342,0.9
6.8,18.2,341,0.6
6.8,18.2,341,1.6
6.8,18.1,340,1.6
6.8,18.1,340,1.4
6.8,18.1,339,0.9
6.8,18,340,0.9
6.8,18,338,1.2
6.8,18,339,1.4
6.8,18,339,1.3
6.8,17.9,338,1.3
6.8,17.8,337,1
6.8,17.8,337,0.4
6.8,17.8,337,1.9
6.8,17.8,339,2.1
6.8,17.8,337,1.2
6.8,17.8,336,1.4
6.8,17.8,334,3.3
6.9,17.8,334,3.7
6.9,17.9,333,4.2
6.9,18,332,4.7
7,18,331,5.2
7,18.2,330,5.4
7,18.3,330,5.8
7,18.4,329,6.5
7,18.5,328,5.3
7,18.8,328,6.9
7,18.9,328,7.4
7.1,19.1,327,7.5
7.2,19.3,325,8
7.3,19.6,326,10.1
7.4,19.8,325,10.5
7.5,20.1,323,10.9
7.5,20.4,322,11.4
7.6,20.7,322,11.8
7.7,21,322,12.2
7.8,21.3,320,12.7
7.8,21.6,319,13.1
7.9,21.9,314,13.5
8,22.3,316,13.9
8,22.6,313,14.3
8.1,22.9,314,14.7
8.1,23.3,314,15.1
8.2,23.6,312,15.4
8.2,24,312,15.7
8.3,24.3,308,16
8.3,24.6,308,16.3
8.4,24.9,308,16.7
8.4,25.2,305,16.8
8.4,25.5,306,16.9
8.5,25.7,307,17.2
8.5,26,307,17.3
8.5,26,307,16.5
8.5,26,306,16.8
8.5,26.1,306,16.5
8.5,26.3,305,16.7
8.6,26.8,306,17.1
8.6,27.1,305,16.8
8.6,27.4,305,16.9
8.6,27.5,306,17.1
8.6,27.5,307,16.9
8.6,27.3,308,16.5
8.6,27.4,309,16.5
8.6,27.4,309,16.6
8.6,27,311,16
8.6,26.7,312,15.6
8.6,27,301,16.1
8.6,27.3,312,16.5
8.6,27.2,315,14.9
8.6,27.2,314,16.5
8.6,27,315,15.9
8.5,26.5,318,14.7
8.4,26.1,320,11.8
8.3,25.5,314,11
8.2,24.7,311,9.2
8.1,24.7,314,9.5
8.2,24.8,317,10.3
8.2,25.3,319,11.8
8.3,25.7,323,11.9
8.4,25.9,322,12.9
8.4,26,324,12.7
8.4,25.9,324,12.5
8.3,25.6,326,12
8.2,25.4,325,11.4
8.2,25.1,325,10.9
8.1,24.6,326,10.4
8.1,24.4,327,10
8,24.2,327,9.7
7.9,24,327,9.2
7.8,23.7,328,8.6
7.7,23.6,327,7.9
7.6,23.3,328,7.1
7.5,23.1,323,6.4
7.4,22.8,320,5.8
7.3,22.6,315,5.1
7.2,22.4,315,4.7
7.1,22.2,314,4.5
7.1,22,313,3.9
7,21.9,314,3.6
7,21.7,315,3.3
7,21.5,317,2.9
7,21.3,320,1.2
6.9,21.4,320,3.3
6.9,21.3,323,3.2
6.9,21.2,326,3.2
6.9,21,329,3
6.9,20.9,332,3
6.9,20.8,333,2.9
6.9,20.7,334,2.8
6.8,20.5,337,2.8
6.8,20.4,338,2.6
6.8,20.3,340,2.5
6.8,20.1,341,2.4
6.8,20,342,2.4
6.8,19.7,345,2.3
6.8,19.6,344,2.3
6.8,19.6,345,2.3
6.8,19.5,345,2.3
6.8,19.4,346,2.2
6.8,19.3,348,2.3
6.8,19.1,349,2.3
6.8,19.1,350,2.2
6.8,19,350,2.2
6.8,18.9,350,2.2
6.8,18.8,350,1
6.8,18.7,351,1.4
6.8,18.6,352,2.2
6.8,18.5,351,2.2
6.8,18.4,352,2.2
6.8,18.3,352,2.2
6.8,18.2,354,2
6.8,18.2,353,2.2
6.8,18.1,354,2.2
6.8,18,354,2.3
6.8,17.9,354,2.2
6.8,17.8,355,2
6.8,17.7,354,2.3
6.7,17.6,356,2.1
6.7,17.5,356,2.2
6.8,17.4,357,2.2
6.8,17.4,357,2.2
6.8,17.3,357,2.3
6.8,17.2,357,2.3
6.8,17.2,356,2.3
6.8,17.1,356,2.3
6.8,17,357,2.4
6.8,16.9,358,2.3
6.8,16.8,358,2.5
6.7,16.8,358,2.5
6.7,16.7,359,2.5
6.7,16.6,359,2.3
6.7,16.6,361,2.5
6.7,16.5,359,2.5
6.7,16.4,361,2.5
6.7,16.4,362,2.5
6.8,16.4,362,2.7
6.8,16.3,361,2.8
6.8,16.2,361,3.1
6.8,16.2,362,2.4
6.8,16.2,362,3.4
6.8,16.2,362,3.6
6.8,16.2,360,1.3
6.8,16.2,362,3.9
6.8,16.3,362,2.5
6.8,16.4,362,5.1
6.9,16.4,362,5.3
6.9,16.7,361,4.1
7,16.9,362,6.9
7,17.1,362,7.5
7,17.3,362,7.8
7,17.5,359,6.5
7.1,17.7,360,8.9
7.6,22.6,356,13.5
7.6,23,357,12.3
7.7,23.4,356,12.2
7.6,23.8,350,12.8
7.8,24.2,355,13
7.8,24.4,355,14.6
7.9,24.7,354,14.9
7.9,25.1,353,14.7
8,25.4,353,16.6
8.1,25.7,352,15.4
8.2,26,350,14.2
8.1,26.3,352,17.3
8.2,26.6,349,17.8
8.3,26.9,349,17.6
8.3,27.1,348,18.1
8.3,27.4,349,17.1
8.3,27.7,349,17.1
8.3,27.8,348,18
8.4,28,348,18
8.4,28.2,347,17.8
8.4,28.4,346,17.7
8.4,28.6,346,17.8
8.5,28.7,345,17.4
8.4,28.4,347,16.4
8.4,28.5,346,17.1
8.4,28.1,349,16.1
8.2,27.5,352,14.7
8.2,27.1,353,13.9
8.2,26.8,355,13.4
8.1,26.6,355,13.2
8.2,26.5,355,8
8.2,27,351,15.6
8.3,27.3,350,15.9
8.4,27.5,348,16.4
8.4,27.6,347,16.4
8.5,27.7,347,16.3
8.4,27.8,347,16.2
8.4,27.6,348,16.1
8.3,26.9,348,15.1
8.3,26.2,349,14.2
8.2,25.8,351,13.5
8.2,25.2,352,12.9
8.1,24.8,352,12.2
8.1,24.5,355,11.9
8,24.2,358,11.3
8,23.9,361,10.8
7.9,23.6,361,10.1
7.8,23.5,360,9.5
7.8,23.2,362,8.8
7.6,23.1,362,8.1
7.5,23,363,7.4
7.4,22.8,365,6.9
7.4,22.7,366,6.5
7.3,22.6,366,6.4
7.3,22.6,365,6
7.2,22.5,364,5.9
7.2,22.4,363,5.7
7.1,22.2,362,5.5
7.1,22.1,363,5.3
7.1,21.9,364,5.1
7,21.8,365,4.7
7,21.6,365,4.8
7,21.4,366,4.7
7,21.2,366,4.5
7,21,367,4.4
7,20.9,367,4.1
6.9,20.7,368,4
6.9,20.5,369,3.8
6.9,20.3,368,3.7
6.9,20.2,368,3.6
6.9,20.1,370,3.4
6.9,20,370,3.4
6.8,19.8,370,3.3
6.8,19.7,370,3.1
6.8,19.6,371,2.9
6.8,19.5,371,3
6.8,19.4,371,2.9
6.8,19.3,370,2.8
6.8,19.2,371,2.8
6.8,19.1,372,2.7
6.8,19,373,2.8
6.8,18.9,374,2.9
6.8,18.8,373,2.7
6.8,18.7,374,2.7
6.8,18.7,374,2.7
6.8,18.6,374,2.6
6.8,18.5,375,2.6
6.8,18.4,375,2.7
6.8,18.3,375,2.6
6.8,18.2,376,2.6
6.8,18.1,376,2.6
6.8,18,365,2.5
6.8,18,375,2.6
6.8,17.9,376,2.3
6.8,17.8,376,2.4
6.8,17.8,376,2.6
6.8,17.7,377,2.5
6.8,17.6,376,2.6
6.8,17.5,377,2.5
6.8,17.4,378,2.4
6.8,17.4,378,2.4
6.8,17.3,378,2.6
6.8,17.3,377,2.6
6.8,17.3,377,2.7
6.8,17.2,376,2.5
6.8,17.2,377,2.6
6.8,17.2,377,2.6
6.8,17.2,378,2.6
6.8,17.2,377,2.5
6.8,17.1,377,2.6
6.8,17.1,377,2.7
6.8,17,376,2.7
6.8,17,377,2.9
6.8,17,376,3.1
6.8,16.9,377,3.2
6.8,16.9,366,3.4
6.8,16.9,367,3.7
6.8,16.9,373,3.9
6.8,16.9,377,4.3
6.8,16.9,377,4.6
6.8,16.9,378,4.7
6.8,16.9,377,4.6
6.8,17,376,3.1
6.8,17,377,5.4
6.9,17.1,376,6
6.9,17.1,376,6.3
6.9,17.2,376,6.5
6.9,17.3,376,7.3
7,17.4,375,8.4
